#;;;;;;;;;;;X
WARSUBSIDIES_DI;提供战争援助;;;;;;;;;;X
CANCEL_WARSUBSIDIES_DI;取消战争援助;;;;;;;;;;X
ASKMILITARYACCESS_DI;要求军事通行;;;;;;;;;;X
CANCELASKMILITARYACCESS_DI;放弃军事通行;;;;;;;;;;X
GIVEMILITARYACCESS_DI;提供军事通行;;;;;;;;;;X
CANCELGIVEMILITARYACCESS_DI;撤销军事通行;;;;;;;;;;X
ALLIANCE_DI;提议结盟;;;;;;;;;;X
CANCELALLIANCE_DI;解除盟约;;;;;;;;;;X
CALLALLY_DI;召唤盟国;;;;;;;;;;X
DISCREDIT_DI;诽谤;;;;;;;;;;X
EXPELADVISORS_DI;驱逐顾问;;;;;;;;;;X
BANEMBASSY_DI;封锁使馆;;;;;;;;;;X
INCREASEOPINION_DI;增高评价;;;;;;;;;;X
DECREASEOPINION_DI;降低评价;;;;;;;;;;X
ADDTOSPHERE_DI;纳入势力圈;;;;;;;;;;X
REMOVEFROMSPHERE_DI;移出势力圈;;;;;;;;;;X
INCREASERELATION_DI;增进关系;;;;;;;;;;X
DECREASERELATION_DI;降低关系;;;;;;;;;;X
GUNBOAT_DI;炮舰外交;;;;;;;;;;X
WAR_DI;战争;;;;;;;;;;X
WARGOAL_DI;增加战争目标;;;;;;;;;;X
PEACE_DI;提议和平;;;;;;;;;;X
TOPBAR_LEADERSHIP_MAX;你已经获得了领导力的最大值：Y$MAX$W，此后无法继续累积新的领导力了\n;;;;;;;;;;X
IS_MOBILIZED_IRO;（预备役已被动员）;;;;;;;;;;X
ADD_CRIME;获得Y$NAME$W\n;;;;;;;;;;X
TOPBAR_WAR_PLUS;和他们的卫星国及自治领\n;;;;;;;;;;X
CANTBUILD_FORCEDISARM;由于一个和平条约强迫我国解除武装，所以我们无法建造新的军事单位;;;;;;;;;;X
SOME_LIFE_NEEDS;部分必需品;;;;;;;;;;X
TOPBAR_AVG_CHANGE;我们估计在下个月它将会变化$VAL$W;;;;;;;;;;X
TECH_DAILY_RESEARCHPOINTS_BASE_TOOLTIP;每日基本研究点数：Y$VALUE$W;;;;;;;;;;X
TECH_DAILY_RESEARCHPOINTS_TOTAL_TOOLTIP;每日研究点数：G+$VALUE$W;;;;;;;;;;X
TECH_DAILY_RESEARCHPOINTS_TOOLTIP;$POPTYPE$提供了G$VALUE$W研究点数\n（现为人口的Y$FRACTION$%W，最佳为$OPTIMAL$%）;;;;;;;;;;X
average_literacy;识字率;;;;;;;;;;X
MODIFIER_RESEARCH_POINTS;研究点数;;;;;;;;;;X
gas;毒气攻击;;;;;;;;;;X
COMBAT_GAS;毒气攻击对欠缺防御手段的敌人来说是毁灭性的;;;;;;;;;;X
MAY_GAS_ATTACK;可以使用毒气攻击\n;;;;;;;;;;X
MAY_GAS_DEFEND;可以防御毒气攻击\n;;;;;;;;;;X
IMMIGRANTS_FROM;这里有来自$NAME$的G$VAL$W名移民;;;;;;;;;;X
EMIGRANTS_TO;R$VAL$W名移民前往$NAME$;;;;;;;;;;X
PW_ALL_FOCUSES_USED;所有的国家焦点都已使用;;;;;;;;;;X
HAS_NO_FACTORIES;没有工厂\n;;;;;;;;;;X
HAS_FACTORIES;有工厂\n;;;;;;;;;;X
RETREAT_DELAY_IRO;在Y$VAL$W天后可以选择撤退;;;;;;;;;;X
PW_CANTCOLONIZE;无法在此地殖民;;;;;;;;;;X
IS_COLONIAL_STATE_POPVIEW;殖民地区;;;;;;;;;;X
CULTURE_IS_NOT;民族不是;;;;;;;;;;X
CULTURE_IS;民族是;;;;;;;;;;X
INVALID_WARTARGET_TROOPS_IN_THEM;我们还有部队在他们的疆域内;;;;;;;;;;X
WEX_EFFECTS;当前效果;;;;;;;;;;X
NOBODY_CAN_VOTE_HERE;无人拥有投票权;;;;;;;;;;X
NOT_ABLE_TO_REINFORCE;这个人群由于太小所以无法增援这个旅;;;;;;;;;;X
POP_SIZE_UNITVIEW;此人群拥有Y$VAL$W人，可以支持Y$ALLOWED$W个旅。当前它正支持Y$CURRENT$W个旅。;;;;;;;;;;X
MAX_REINF_UNITVIEW;以G100%W的速度增援;;;;;;;;;;X
POP_IMPACT_UNITVIEW;由于预备役的损失，这个单位以Y$VAL$%W的速度得到补充;;;;;;;;;;X
MOB_IS_REINFORCE;已动员的单位以Y50%W的速度得到补充;;;;;;;;;;X
EVTNAME60120;增进联邦主义;;;;;;;;;;X
EVTDESC60120;一种文化上的民族主义思潮正在席卷$COUNTRY$，人们开始呼吁要与$CULTURE_GROUP_UNION$的同胞统一在一起。我们没有理由怀疑他们将提出一项合并请愿书。;;;;;;;;;;X
EVTOPTA60120;就这样做;;;;;;;;;;X
EVTNAME60130;来自$FROMCOUNTRY$的合并请愿书;;;;;;;;;;X
EVTDESC60130;随着大众民族感情的汹涌澎湃，$FROMCOUNTRY_ADJ$政府在$CAPITAL$向我国官方提出了一项正式的要求，希望能永久性地加入$COUNTRY$。看起来没有任何理由反对此事。;;;;;;;;;;X
EVTOPTA60130;就这样做;;;;;;;;;;X
EVTOPTB60130;以上帝的名义拒绝$FROMCOUNTRY$废物;;;;;;;;;;X
ATPEACE;处于和平;;;;;;;;;;X
NORMAL_WAR_RUDEBOI_NAME;$ORDER$$FIRST_COUNTRY$遏制$SECOND_COUNTRY$之战;;;;;;;;;;X
AGRESSION_WAR_RUDEBOI_NAME;$ORDER$$FIRS_COUNTRY$遏制$SECOND_COUNTRY$之战;;;;;;;;;;X
rude_boy;遏制;;;;;;;;;;X
rude_boy_desc;强迫一个Y国家W大幅度降低其野心，这一宣战行为已在国际事务中抛开了所有文明伪装;;;;;;;;;;X
rude_boy_setup;通过削减其领土、威望及军队来遏制$RECIPIENT$;;;;;;;;;;X
rude_boy_short;遏制$RECIPIENT$;;;;;;;;;;X
POP_DETAILS_EXPENSES;花费：;;;;;;;;;;X
CONFIRM_CREATE_VASSAL;释放国家;;;;;;;;;;X
CONFIRM_CREATE_VASSAL_DESC;你是否希望将Y$COUNTRY$W释放为一个Y$TYPE$W？\nY$COUNTRY$W将获得如下Y$NUM$W个省份：Y$PROVINCES$W;;;;;;;;;;X
egyptian_excavations;埃及遗迹;;;;;;;;;;X
egyptian_excavations_desc;我国在帝王谷展开了考古发掘行动。;;;;;;;;;;X
POP_DETAILS_EXPENSES;花费：;;;;;;;;;;X
red_shirts_title;红衫军;;;;;;;;;;X
red_shirts_name;加里波第的红衫军;;;;;;;;;;X
red_shirts_desc;红衫军的名称是用于形容那些在朱塞佩・加里波第为了将松散的意大利邦国熔炼为一个民族国家而奋斗时为他服务的志愿兵，这个巧妙地命名是因为加里波第和他的战士们穿着红色衬衣。富有魅力的加里波第闻名于国内外，被普遍看作一位自由斗士，他致力于将意大利统一在萨丁尼亚的王冠下。这些意大利的泛民族主义者为了意大利的统一而奋斗。;;;;;;;;;;X
red_shirts_army;红衫军的千人远征;;;;;;;;;;X
EVTNAME11103;千人远征！;;;;;;;;;;X
EVTDESC11103;$MONARCHTITLE$！新闻到了我们这里！著名的意大利自由斗士朱塞佩・加里波第和他的“千人远征”已经击溃并控制了$FROMCOUNTRY$的政府。这个有力的自由斗士无论到哪里都有欢呼雀跃的意大利民众挥舞着意大利国家的三色旗前去欢迎他――这位全意大利的解放者。由于我们在半岛上的主导地位，$FROMCOUNTRY$新成立的政府发来信息称新生的意大利将承认$COUNTRY$的现有地位。;;;;;;;;;;X
EVTOPTA11103;意大利复兴运动万岁！;;;;;;;;;;X
EVTOPTB11103;这家伙是谁？他想从我这儿得到些什么？;;;;;;;;;;X
CB_DESC_HEAD;这个战争借口允许我们要求：;;;;;;;;;;X
CB_ALLOWED_DISARMAMENT;强迫裁军;;;;;;;;;;X
CB_ALLOWED_REPARATIONS;战争赔偿;;;;;;;;;;X
CB_ALLOWED_STATES;割让领土;;;;;;;;;;X
TRADE_DISABLED_AUTOMATE;该项物资的贸易方式为自动，请关闭自动方式后更改设置;;;;;;;;;;X
AUTOMATE_TRADE_CHECK;开关该项物资的自动贸易方式;;;;;;;;;;X
TECHNOLOGYVIEW_RESEARCH_TOOLTIP;我们当前正在研究Y$TECH$W\n以目前的速度，该项目将于Y$DATE$W完成;;;;;;;;;;X
INCREASERELATION_THEY_ACCEPT_4;我们的关系增进了G$CHANGE$W，现为Y$RELATION$W;;;;;;;;;;X
INCREASERELATION_WE_ACCEPT_4;我们的关系增进了G$CHANGE$W，现为Y$RELATION$W;;;;;;;;;;X
DECREASERELATION_WE_ACCEPT_5;我们的关系改变了R$CHANGE$W，现为Y$RELATION$W;;;;;;;;;;X
DECREASERELATION_THEY_ACCEPT_6;我们的关系改变了R$CHANGE$W，现为Y$RELATION$W;;;;;;;;;;X
TRI_1743;的黎波里;;;;;;;;;;X
NORMAL_WAR_CONCESSION_NAME;$ORDER$$STATE$租借地战争;;;;;;;;;;X
AGRESSION_WAR_CONCESSION_NAME;$ORDER$$STATE$租借地战争;;;;;;;;;;X
demand_concession_casus_belli;索要租借地;;;;;;;;;;X
demand_concession_casus_belli_desc;强迫一个Y未开化国家W割让领土以设立殖民租借地;;;;;;;;;;X
demand_concession_casus_belli_setup;要求$RECIPIENT$割让领土以设立殖民租借地;;;;;;;;;;X
demand_concession_casus_belli_short;索要$STATE$;;;;;;;;;;X
NORMAL_WAR_PROTECTORATE_NAME;$ORDER$获取属于$FIRST$$SECOND_COUNTRY$;;;;;;;;;;X
AGRESSION_WAR_PROTECTORATE_NAME;$ORDER$获取属于$FIRST$$SECOND_COUNTRY$;;;;;;;;;;X
establish_protectorate_casus_belli;建立保护国;;;;;;;;;;X
establish_protectorate_casus_belli_desc;通过强迫一个Y未开化国家W成为我们的保护国来吞并他们;;;;;;;;;;X
establish_protectorate_casus_belli_setup;通过建立保护国的形式吞并$RECIPIENT$;;;;;;;;;;X
establish_protectorate_casus_belli_short;吞并$RECIPIENT$;;;;;;;;;;X
NORMAL_WAR_UNIFICATION_NAME;$ORDER$$FIRST_COUNTRY$解放$STATE$;;;;;;;;;;X
AGRESSION_WAR_UNIFICATION_NAME;$ORDER$$FIRST_COUNTRY$解放$STATE$;;;;;;;;;;X
unification_casus_belli;统一战争;;;;;;;;;;X
unification_casus_belli_desc;解放我们Y文化圈W的核心领土;;;;;;;;;;X
unification_casus_belli_setup;解放我们Y文化圈W的核心领土;;;;;;;;;;X
unification_casus_belli_short;解放$STATE$;;;;;;;;;;X
POP_PROMOTE_INFO_ON_SEL;最近$WHERE$注册了$VAL$个$WHO$;;;;;;;;;;X
POP_LEAVE_INFO_ON_SEL;最近$WHERE$失去了$VAL$个$WHO$;;;;;;;;;;X
DOMINION;自治领;;;;;;;;;;X
SATELLITE;卫星国;;;;;;;;;;X
DOMINION_OF_NOCOLOR;自治领属;;;;;;;;;;X
SATELLITE_OF_NOCOLOR;臣服于;;;;;;;;;;X
DIPLOMACY_CANNOT_SET_PRIO_MYVASSAL;他们是我们的Y$TYPE$W，会永远在我们的Y势力范围W内;;;;;;;;;;X
DIPLOMACY_TRUCE_WITH;休战：;;;;;;;;;;X
DIPLOMACY_CASUSBELLIS;战争借口：;;;;;;;;;;X
tut_1c_9;正如我们之前提到的，当一个附加了旅的人群暴动时这个旅也会随之暴动。如果一个旅在其人口图标后方有一个叛军图标的话，这意味着它所属的人群是一个反叛集团的成员。这是非常危险的。确认这个人群的状态及其政治观点的一个方法是点击该单位界面的人群图标以打开人口界面。现在，请点击下一步继续。;;;;;;;;;;X
#REMOVEFROMSPHERE_DESC;将一个国家从另外的Y列强W势力范围内移出;;;;;;;;;;X
BUDGET_VIEW_CRIME_FIGHT;治安效果：;;;;;;;;;;X
POP_CURRENT_PROD;当前生产：;;;;;;;;;;X
ALREADY_ASSIMILATED;主体民族或被接受民族;;;;;;;;;;X
TCP_SERVER_LOST;传输存档时丢失主机！;;;;;;;;;;X
tut_7b_6;全球市场上的价格每天都会根据供应和需求的变化而设定。当前的供应和需求会设定一个实际价格将不断接近之的目标价格，你一定要关注物资价格的发展，这对你来说是非常重要的。当轻武器的价格上涨时，也许就是时候开建一座新的工厂了。价格旁边的箭头符号代表了其价格是在上涨（绿色）、不变（黄色）还是下降（红色）。请点击下一步继续。;;;;;;;;;;X
tut_7b_8;下方的图片是世界市场中风帆运输船的示例图。底部的图标显示了我们当前是在出售还是购买该项物资，以及该项物资的贸易是由AI自动进行或不是。政府（玩家或AI）可以通过两种方式在市场上进行购买或出售，设定贸易规则或通过自动贸易。点击风帆运输船的图标去观察一项自动贸易。;;;;;;;;;;X
DIPLO_CALL_ALLIES;召唤盟友;;;;;;;;;;X
RULE_OPEN_FACTORY;打开/关闭工厂;;;;;;;;;;X
PRODUCTION_NOT_DESTROY_FACTORY_BECAUSE_TOOLTIP;我们不能摧毁这个工厂的原因:;;;;;;;;;;X
BE_ANNEXED;被吞并;;;;;;;;;;X
PW_COLONY_NO_STATE;需要被接受民族至少Y$NUM$W%的人口成为官僚才能将殖民地转化为正式国土，当前这个比例为Y$CURR$W%;;;;;;;;;;X
REMOVE_PW_COLONY_NO_STATE;需要被接受民族至少Y$NUM$W%的人口成为官僚才能将殖民地转化为正式国土，当前这个比例为Y$CURR$W%;;;;;;;;;;X
BAD_SAVE;出错：存档损坏;;;;;;;;;;X
tut_4c_12b;现在请转到陆军科技界面。;;;;;;;;;;X
USA_reactionary;南方民主党人;;;;;;;;;;X
MILITARY_DIG_IN_CAP;战壕深度;;;;;;;;;;X
MILITARY_MILITARY_TACTICS;军事战术;;;;;;;;;;X
COUNTRYALERT_NO_CanDoDecisions;当前没有什么决议值得我们关注;;;;;;;;;;X
POP_OTHER_LABEL;其他;;;;;;;;;;X
annex_hawaii_title;纽兰兹决议;;;;;;;;;;X
annex_hawaii_desc;纽兰兹决议是美国国会于1898年通过的一项共同决议案，由国会议员弗兰西斯・G・纽兰兹命名，它将夏威夷共和国并入了美国，获得了夏威夷的领土。;;;;;;;;;;X
ionian_islands_question_title;伦敦条约（1864）;;;;;;;;;;X
ionian_islands_question_desc;拿破仑战争结束后英国就获得了爱奥尼亚诸岛的宗主权。在1862年，相对其价值来说维系宗主权的花费被认为过于高昂，经过两年的协商后它们被割让给希腊。;;;;;;;;;;X
WARSUBSIDIES_DESC;每天提供Y$MONEY$W?来帮助这个国家;;;;;;;;;;X
release_puppet;释放傀儡国;;;;;;;;;;X
release_puppet_short;使$THIRD$独立;;;;;;;;;;X
release_puppet_setup;使$RECIPIENT$释放$THIRD$;;;;;;;;;;X
release_puppet_desc;使一个Y国家W从其宗主国独立;;;;;;;;;;X
IS_NOT_OUR_VASSAL;不是我们的傀儡国;;;;;;;;;;X
IS_OUR_VASSAL;是我们的傀儡国;;;;;;;;;;X
COUNTRYALERT_HaveOrganizingRebels;反叛集团正在我国组织起来！;;;;;;;;;;X
TOTAL_REBEL_POP;反叛集团成员;;;;;;;;;;X
PROV2918;贝宁海湾;;;;;;;;;;X
PROV2921;几内亚海岸;;;;;;;;;;X
PROV2922;塞内冈比亚海岸;;;;;;;;;;X
NUMBER_OF_EMIREES;本月有Y$NUM$W人出国;;;;;;;;;;X
NUMBER_OF_IMMIGREES;本月有Y$NUM$W人入境;;;;;;;;;;X
alaskan_purchase_title;西沃德的冰箱;;;;;;;;;;X
alaskan_purchase_desc;由于克里米亚战争的后果，俄罗斯开始相信在另一场与英国的战争中没有希望保住其北美领地，于是希望将其出售并变成美国的阿拉斯加州。这片领土于1867年被美国以每英亩2.3分的价格购入。在当时的国务卿威廉・亨利・西沃德推动并完成之后，购买阿拉斯加被美国人普遍嘲讽为“西沃德的冰箱”。;;;;;;;;;;X
EVTNAME32509;阿拉斯加购买？;;;;;;;;;;X
EVTDESC32509;我们在华盛顿大使馆的临时代办爱德华・安德烈维奇・斯托克尔抛出的试探有了结果，美国今天表示可以开始就出售我们在北美的领土进行磋商。美国人为阿拉斯加地区向我们开出了每英亩2.3分的价格，这个价格看起来相对公平。殖民地很难在于英国的战争中幸存，所以现在将其定价抛售并非是个坏注意。你怎么看，$MONARCHTITLE$？;;;;;;;;;;X
EVTOPTA32509;反正我们现在很艰难;;;;;;;;;;X
EVTOPTB32509;不，我不这样想。也许将来某天我们可以在那儿建一座桥？;;;;;;;;;;X
EVTNAME32510;俄罗斯接受！;;;;;;;;;;X
EVTDESC32510;$MONARCHTITLE$，俄罗斯同意出售阿拉斯加给我们！;;;;;;;;;;X
EVTOPTA32510;太好了！;;;;;;;;;;X
EVTNAME32511;俄罗斯拒绝！;;;;;;;;;;X
EVTDESC32511;$MONARCHTITLE$，与俄罗斯之间就出售阿拉斯加地区的协商已经停止，俄罗斯拒绝出售那个地区给我们。;;;;;;;;;;X
EVTOPTA32511;可恨！;;;;;;;;;;X
IS_DISARMED;已经被解除武装;;;;;;;;;;X
IS_NOT_DISARMED;没有被解除武装;;;;;;;;;;X
TRUCE_LASTS_UNTIL;休战协议持续到Y$DATE$W;;;;;;;;;;X
LOBBY_HOST_ONLY;只有主机可以开始游戏;;;;;;;;;;X
LOBBY_WAITING;你必须等待所有玩家开始，或者踢掉已经消失的玩家;;;;;;;;;;X
NO_UNIT_TECH;要组建Y$UNIT$W，我们必须先研究Y$TECH$W;;;;;;;;;;X
NO_UNIT_REGIMENTS;我们无法组建Y$UNIT$W，需要更多的Y士兵W;;;;;;;;;;X
NO_UNIT_PORTS;我们无法组建Y$UNIT$W，需要一个Y沿海W省份;;;;;;;;;;X
DIPLOMACY_WARDIALOG_ALLIES;Y$COUNTRY$W受到下列国家的保护：;;;;;;;;;;X
DIPLOMACY_WARDIALOG_NUM_ALLIES;Y$COUNTRY$W受到Y$NUM$W个国家的保护;;;;;;;;;;X
DIPLOMACY_WARDIALOG_ALLY;盟国;;;;;;;;;;X
WARGOAL_WE_ACCEPT_HEADER;外相报告;;;;;;;;;;X
WARGOAL_WE_ACCEPT_1;$MONARCHTITLE$;;;;;;;;;;X
WARGOAL_WE_ACCEPT_2;$ACTOR$已经决定扩大与我们的战争以要求;;;;;;;;;;X
WARGOAL_WE_ACCEPT_3;$WARGOAL$;;;;;;;;;;X
WARGOAL_WE_ACCEPT_4;这些蠢货觉得我们会答应。;;;;;;;;;;X
WARGOAL_WE_ACCEPT_5;*;;;;;;;;;;X
WARGOAL_WE_ACCEPT_6;我们将惩罚他们的傲慢。;;;;;;;;;;X
WARGOAL_WE_ACCEPT_BTN1;好的;;;;;;;;;;X
WARGOAL_WE_ACCEPT_BTN2;好的;;;;;;;;;;X
WARGOAL_WE_ACCEPT_BTN3;查看;;;;;;;;;;X
WARGOAL_WE_ACCEPT_LOG;$ACTOR$扩大了他们与我们的战争以获得$WARGOAL$。;;;;;;;;;;X
WARGOAL_THEY_ACCEPT_HEADER;外相报告;;;;;;;;;;X
WARGOAL_THEY_ACCEPT_1;$MONARCHTITLE$;;;;;;;;;;X
WARGOAL_THEY_ACCEPT_2;我们已经决定扩大我们的战争以要求;;;;;;;;;;X
WARGOAL_THEY_ACCEPT_3;$WARGOAL$;;;;;;;;;;X
WARGOAL_THEY_ACCEPT_4;我们希望$RECIPIENT$能通情达理;;;;;;;;;;X
WARGOAL_THEY_ACCEPT_5;*;;;;;;;;;;X
WARGOAL_THEY_ACCEPT_6;现在他们将为其短视付出代价。;;;;;;;;;;X
WARGOAL_THEY_ACCEPT_BTN1;好的;;;;;;;;;;X
WARGOAL_THEY_ACCEPT_BTN2;好的;;;;;;;;;;X
WARGOAL_THEY_ACCEPT_BTN3;查看;;;;;;;;;;X
WARGOAL_THEY_ACCEPT_LOG;我们扩大了与$RECIPIENT$的战争以获得$WARGOAL$。;;;;;;;;;;X
WARGOAL_OTHER_ACCEPT_HEADER;外相报告;;;;;;;;;;X
WARGOAL_OTHER_ACCEPT_1;$MONARCHTITLE$;;;;;;;;;;X
WARGOAL_OTHER_ACCEPT_2;我们听说了遥远地方的传闻;;;;;;;;;;X
WARGOAL_OTHER_ACCEPT_3;看起来$ACTOR$;;;;;;;;;;X
WARGOAL_OTHER_ACCEPT_4;已经扩大了他们与$RECIPIENT$的战争;;;;;;;;;;X
WARGOAL_OTHER_ACCEPT_5;以获得$WARGOAL$;;;;;;;;;;X
WARGOAL_OTHER_ACCEPT_6;就像我们所关心的。;;;;;;;;;;X
WARGOAL_OTHER_ACCEPT_BTN1;好的;;;;;;;;;;X
WARGOAL_OTHER_ACCEPT_BTN2;好的;;;;;;;;;;X
WARGOAL_OTHER_ACCEPT_BTN3;查看;;;;;;;;;;X
WARGOAL_OTHER_ACCEPT_LOG;$ACTOR$扩大了他们与$RECIPIENT$的战争以获得$WARGOAL$。;;;;;;;;;;X
NO_GP_ACTION_ON_SELF;将我们自己作为目标是愚蠢的;;;;;;;;;;X
OL_VIEW_SIEGES;开关Y围城W快捷栏;;;;;;;;;;X
BADBOY_EFFECT;$DIRECTION$$VALUE$恶名\n;;;;;;;;;;X
unification_annex_casus_belli;统一战争;;;;;;;;;;X
unification_annex_casus_belli_desc;解放我们Y文化圈W的核心领土;;;;;;;;;;X
unification_annex_casus_belli_setup;解放我们Y文化圈W的核心领土;;;;;;;;;;X
unification_annex_casus_belli_short;吞并;;;;;;;;;;X
enlightenment_thought;权利思想;;;;;;;;;;X
enlightenment_thought_desc;权利思想;;;;;;;;;;X
NORMAL_WAR_UNIFICATION_ANNEX_NAME;$ORDER$$FIRST_COUNTRY$解放$SECOND_COUNTRY$;;;;;;;;;;X
AGRESSION_WAR_UNIFICATION_ANNEX_NAME;$ORDER$$FIRST_COUNTRY$解放$SECOND_COUNTRY$;;;;;;;;;;X
springtime_of_nations;万国之春！;;;;;;;;;;X
springtime_of_nations_desc;沉睡的欧洲民族觉醒过来对抗专制与暴政;;;;;;;;;;X
HND_conservative;国民会议党;;;;;;;;;;X
HND_liberal;独立党;;;;;;;;;;X
HND_reactionary;国民阵线;;;;;;;;;;X
HND_anarcho_liberal;自由党;;;;;;;;;;X
HND_socialist;印度国民大会党;;;;;;;;;;X
HND_communist;共产党;;;;;;;;;;X
HND_fascist;统一党;;;;;;;;;;X
HND;印度;;;;;;;;;;X
WEDID_ISDISCREDITED_DESC;诽谤效果持续到Y$UNTIL$W，我国仍受其影响。;;;;;;;;;;X
WEDID_ISBANNEDEMBASSY_DESC;封锁使馆效果持续到Y$UNTIL$W，我国仍受其影响。;;;;;;;;;;X
OTHER_MUST_NEGOTIATE_WITH_WAR_LEADER;在战争结束前我们不能同敌方的Y战争领袖W进行协商。和平协议只能在Y$ENEMY$W与Y$COUNTRY$W之间签署。;;;;;;;;;;X
unification_humiliate_cb;宣示霸权;;;;;;;;;;X
REMOVE_unification_humiliate_cb_desc;羞辱其他列强来向你的文化圈展示领袖地位;;;;;;;;;;X
REMOVE_unification_humiliate_cb_setup;羞辱其他列强来向你的文化圈展示领袖地位;;;;;;;;;;X
unification_humiliate_cb_short;承认霸权;;;;;;;;;;X
NORMAL_UNIFICATION_HUMILIATE_NAME;$FIRST$-$SECOND$兄弟之战;;;;;;;;;;X
AGRESSION_UNIFICATION_HUMILIATE_NAME;$FIRST$-$SECOND$兄弟之战;;;;;;;;;;X
PRODUCTION_REQUIRED_DAILY_INPUTS;所需每日输入：;;;;;;;;;;X
PRODUCTION_DAILY_OUTPUT;每日输出：;;;;;;;;;;X
COUNTRYALERT_NO_HasClosedFactories;我国没有破产的工厂;;;;;;;;;;X
COUNTRYALERT_HasClosedFactories;在下列地区有破产的工厂：;;;;;;;;;;X
CHI_1496;港澳地区;;;;;;;;;;X
ANY_STATE_STARTS;任何情况;;;;;;;;;;X
indian_sepoys_title;印度兵变;;;;;;;;;;X
indian_sepoys_name;印度士兵;;;;;;;;;;X
indian_sepoys_desc;印度兵“Sepoy”的语源是波斯语的“Siphai”，含义为士兵，通常用来称呼为欧洲人效力的印度士兵。在1857年，部分被英国东印度公司雇佣的印度兵发动了反抗英国统治的兵变，这个事件同时被称为“印度兵变”和“印度第一次独立战争”。发动兵变的士兵们为了将印度从殖民统治中解放出来而战。;;;;;;;;;;X
indian_sepoys_army;印度兵变;;;;;;;;;;X
HND_ADJ;印度的;;;;;;;;;;X
ALD;阿尔及利亚;;;;;;;;;;X
REMOVED_BUDGET_CANT_LOAN_DESC;银行只会在你满足支付利息及非敌对的情况下才会贷款给你。外国银行为了安全上的原因永远不会贷给你超出他们可用款项$MAXLOAN$%的资金。;;;;;;;;;;X
WE_ARE_DISCREDITED;我们是不名誉的;;;;;;;;;;X
INFLUENCE_NEIGHBOUR;邻国;;;;;;;;;;X
INFLUENCE_OTHER_CONTINENT;另一大洲的国家;;;;;;;;;;X
INFLUENCE_RELATIVE;总分数与我国的差距;;;;;;;;;;X
INFLUENCE_AT_MAX;我们无法在单个国家拥有超过Y$MAX$W点的影响力;;;;;;;;;;X
DIPLOMACY_DAILYINFLULENCE_GAIN;我们每天获得Y$NUM$W点对Y$COUNTRY$W的影响力，我们获得影响力的基础值为Y$BASE$W点;;;;;;;;;;X
DECL_WAR_NO_VASSAL;我们无法对Y卫星国W或Y自治领W宣战;;;;;;;;;;X
austrian_form_south_german_confederation_title;南德意志邦联;;;;;;;;;;X
austrian_form_south_german_confederation_desc;当德意志帝国尚未统一之前，随着普法战争的进展，十九世纪高涨的民族主义已经表现出了统一的倾向，1848年的法兰克福国民议会则是一个重要的先驱。通过达成南德意志诸邦中的主导地位，我们可以成立南德意志邦联。;;;;;;;;;;X
OL_HOSTILE_SIEGES;敌方围城;;;;;;;;;;X
OL_VIEW_HOSTILE_SIEGES;开关Y敌方围城W快捷栏;;;;;;;;;;X
civil_war_setup;为了再次将我们的国家统一到同一面旗帜下而战;;;;;;;;;;X
POOR_MILITANCY_MORE_THAN;贫困阶层斗争性超过;;;;;;;;;;X
MIDDLE_MILITANCY_MORE_THAN;中产阶层斗争性超过;;;;;;;;;;X
RICH_MILITANCY_MORE_THAN;富裕阶层斗争性超过;;;;;;;;;;X
POOR_MILITANCY_LESS_THAN;贫困阶层斗争性少于;;;;;;;;;;X
MIDDLE_MILITANCY_LESS_THAN;中产阶层斗争性少于;;;;;;;;;;X
RICH_MILITANCY_LESS_THAN;富裕阶层斗争性少于;;;;;;;;;;X
PRODUCTION_SORT_BY_AVAILABLE_WORKFORCE_TOOLTIP;按失业Y$TYPE$W排序;;;;;;;;;;X
PRODUCTION_SORT_BY_AVG_INVESTORS_TOOLTIP;按地区的平均Y$TYPE$W排序;;;;;;;;;;X
PRODUCED_DETAIL;我国当前可用$VAL$;;;;;;;;;;X
TRADE_AVAILABLE;可用;;;;;;;;;;X
SPA_2517;密克罗尼西亚;;;;;;;;;;X
hungarian_culture_group;匈牙利人;;;;;;;;;;X
polish_culture_group;波兰人;;;;;;;;;;X
czecho_slovak_culture_group;捷克斯洛伐克人;;;;;;;;;;X
DZG_ADJ;但泽的;;;;;;;;;;X
EVTNAME13201;外交使团被围！;;;;;;;;;;X
EVTDESC13201;$FROMCOUNTRY$的消息传到了我们这里，当地统治者将我们的外交人员从该国驱逐，并且他们的部队以强制实行的姿态将我们的大使馆围困起来。这件事将发展为国际形象的巨大损失，除非向$FROMCOUNTRY$正式宣战。先生，我们应该怎样应对？;;;;;;;;;;X
EVTOPTA13201;武力！;;;;;;;;;;X
EVTOPTB13201;也许我们可以让$FROMCOUNTRY_ADJ$龙睡下。;;;;;;;;;;X
annex_core_country;恢复秩序;;;;;;;;;;X
annex_core_country_short;吞并$RECIPIENT$;;;;;;;;;;X
annex_core_country_setup;吞并$RECIPIENT$;;;;;;;;;;X
annex_core_country_desc;吞并一个Y国家W所有含有你的核心的省份;;;;;;;;;;X
liberal_rebels_title;雅各宾派;;;;;;;;;;X
liberal_rebels_name;雅各宾派;;;;;;;;;;X
liberal_rebels_desc;自由主义的雅各宾派为了国家的政府能纳入更广大阶层的民众而奋斗。在一个绝对君主制国家他们会要求实行君主立宪制，在其他情况下他们都希望建立民主制度。;;;;;;;;;;X
liberal_rebels_army;共和国卫队;;;;;;;;;;X
NORMAL_WAR_RESTORE_ORDER_NAME;$ORDER$$FIRST_COUNTRY$恢复$SECOND$秩序;;;;;;;;;;X
AGRESSION_WAR_RESTORE_ORDER_NAME;$ORDER$$FIRST_COUNTRY$恢复$SECOND$秩序;;;;;;;;;;X
NOT_ENOUGH_FOR_BRIGADE;现在尚未完全动员一个旅;;;;;;;;;;X
