MIL_FROM_TROOPS;½ʿ;;;;;;;;;;X
MIL_FROM_CAP_SHIPS;;;;;;;;;;;X
MIL_FROM_LEADERS;;;;;;;;;;;X
OCCUPATION_SCORE;ռ죺;;;;;;;;;;X
BLOCKADE_SCORE;;;;;;;;;;;X
OUTLINER_TOOLTIP_EMPLOYED;Y$COUNT$!ڹбӶY$PERC$!%;;;;;;;;;;X
TRADE_SUPPLY_NEED_A;ÿ$VAL$Բ\n;;;;;;;;;;X
TRADE_SUPPLY_NEED_N;ÿ$VAL$Բ\n;;;;;;;;;;X
DIPLOMACY_CANNOT_SET_PRIO_WAR;޷ӰҹսĹ;;;;;;;;;;X
DIPLOMACY_INFLUENCE_NOT_WORTH;ǵӰѴֵҲûӰùʱҪӰ;;;;;;;;;;X
COLONY_ABORT_HEADER;ֳر;;;;;;;;;;X
COLONY_ABORT_1;ֳر;;;;;;;;;;X
COLONY_ABORT_2;$MONARCHTITLE$ǵֳ;;;;;;;;;;X
COLONY_ABORT_3;Y$TARGET$b;;;;;;;;;;X
COLONY_ABORT_4;ˣ;;;;;;;;;;X
COLONY_ABORT_5;ǲټֳ;;;;;;;;;;X
COLONY_ABORT_6;*;;;;;;;;;;X
COLONY_ABORT_BTN1;õ;;;;;;;;;;X
COLONY_ABORT_BTN2;õ;;;;;;;;;;X
COLONY_ABORT_BTN3;ת;;;;;;;;;;X
COLONY_ABORT_MAP;ֳر;;;;;;;;;;X
COLONY_ABORT_SETUP;ֳر;;;;;;;;;;X
COLONY_ABORT_LOG;$TARGET$ֳر;;;;;;;;;;X
DIPRELCH_VALID_CB;õս;;;;;;;;;;X
BRIGADES_COMPARE_GREATER;ľ֮$VAL$!;;;;;;;;;;X
BRIGADES_COMPARE_SMALLER;ľ֮$VAL$!;;;;;;;;;;X
CONFIRM_CREATE_STATE_DESC2;бƳ;;;;;;;;;;X
UNIT_ENABLE_REBEL_HUNT;ɱѾ;;;;;;;;;;X
UNIT_DISABLE_REBEL_HUNT;ɱѾ;;;;;;;;;;X
UNIT_REBEL_HUNT_WILL_HUNT;G׼ɱѾ;;;;;;;;;;X
UNIT_REBEL_HUNT_IS_BUSY;RĿǰæĿǰɱѾ;;;;;;;;;;X
UNIT_REBEL_HUNT_LOW_MORALE;RʿͣĿǰɱѾ;;;;;;;;;;X
UNIT_REBEL_HUNT_NO_VALID;RѾѱ֣ҾʱṥΪоǿ󣬻Ҿ޷ִô;;;;;;;;;;X
NOT_RELEASE_AT_WAR;RսʱڲܽǹW;;;;;;;;;;X
COLONY_SUCCESS_5;õY$PRESTIGE$!;;;;;;;;;;X
COLONY_SUCCESS_6;ֵY$BASE$!ԧY$PROV$!ʡݣ;;;;;;;;;;X
COUNTRY_PUPPETS_LIST;ǹ;;;;;;;;;;X
POLL_ESTIMATED_ELECTION;ԤѡٽΪ;;;;;;;;;;X
MODIFIER_MOVEMENT_COST;ƶ;;;;;;;;;;X
SPEED_IMPACT_ON_CB;ٶȱ仯ֵY$VAL$W;;;;;;;;;;X
TERR_COMB_WIDTH_DEC;˵μ٧Y$VAL$W%ս;;;;;;;;;;X
MODIFIER_BOOST_STRONGEST_PARTY;󵳵;;;;;;;;;;X
PEACEDEMANDDESC;$COUNTRY$кƽ:;;;;;;;;;;X
CB_JUSTIFY_NO_LONGER_VALID_SETUP;ҹս̲Ч;;;;;;;;;;X
CB_JUSTIFY_NO_LONGER_VALID_HEADER;$MONARCHTITLE$;;;;;;;;;;X
CB_JUSTIFY_NO_LONGER_VALID_1;ս;;;;;;;;;;X
CB_JUSTIFY_NO_LONGER_VALID_2;ҹ;;;;;;;;;;X
CB_JUSTIFY_NO_LONGER_VALID_4;Y$CASUS$!;;;;;;;;;;X
CB_JUSTIFY_NO_LONGER_VALID_3;;;;;;;;;;;X
CB_JUSTIFY_NO_LONGER_VALID_5;$TARGET$ս;;;;;;;;;;X
CB_JUSTIFY_NO_LONGER_VALID_6;ĳԲЧ;;;;;;;;;;X
CB_JUSTIFY_NO_LONGER_VALID_LOG;ҹ$TARGET$ս̲Ч;;;;;;;;;;X
CB_JUSTIFY_NO_LONGER_VALID_BTN1;õ;;;;;;;;;;X
CB_JUSTIFY_NO_LONGER_VALID_BTN2;õ;;;;;;;;;;X
CB_JUSTIFY_NO_LONGER_VALID_BTN3;ת;;;;;;;;;;X
CB_JUSTIFY_NO_LONGER_VALID_MAP;*;;;;;;;;;;X
NO_ALLOWED_COUNTRIES;ûкʵĹң;;;;;;;;;;X
NO_ALLOWED_STATES;ûкʵĵ;;;;;;;;;;X
HAS_LESS_STATE_THAN;;;;;;;;;;;X
HAS_STATES_GREATER_EQ;;;;;;;;;;;X
HAVE_MORE_SUBSTATES_THEN;ι;;;;;;;;;;X
HAVE_LESS_SUBSTATES_THEN;ι;;;;;;;;;;X
HAVE_MORE_VASSALS_THAN;ǹ;;;;;;;;;;X
HAS_UNION_TAG;зĻ;;;;;;;;;;X
HAS_NO_UNION_TAG;ûзĻ;;;;;;;;;;X
HAS_CULTURE_UNION;ͬĻ;;;;;;;;;;X
HAS_NOT_CULTURE_UNION;ûͬĻ;;;;;;;;;;X
IS_STATE_CAPITAL;ǵ׸;;;;;;;;;;X
IS_NOT_STATE_CAPITAL;ǵ׸;;;;;;;;;;X
SUBSIDIZE_ALL_TOOLTIP;бй;;;;;;;;;;X
UNSUBSIDIZE_ALL_TOOLTIP;ȡбй;;;;;;;;;;X
OPEN_ALL_TOOLTIP;ؿбй;;;;;;;;;;X
CLOSE_ALL_TOOLTIP;رбй;;;;;;;;;;X
ON_ENACT_UNCIV_REFORM;ͨĸʱ:;;;;;;;;;;X
EFFECT_BUILD_IN_CAPITAL_DESC;Y$BLD$!轫ᷢڣY$PROVS$!;;;;;;;;;;X
TRIGGER_BUILD_IN_CAPITAL_DESC;Rڲʵ֧!;;;;;;;;;;X
DIPLOMACY_CB_INFO;ս;;;;;;;;;;X
COLONIZE_MAX_SLOTS;Y$NUM$!ҿڴ˿չֳ;;;;;;;;;;X
RIGHT_CLICK_TO_REMOVE_NF;YҼ!ƳڵĽ;;;;;;;;;;X
CONFIRM_REMOVE_COLONY_NF_TITLE;Ƴֳعҽ;;;;;;;;;;X
CONFIRM_REMOVE_COLONY_NF_DESC;ֳ̽㡣ȷƳ;;;;;;;;;;X
CB_ALLOWED_INSTALL_COMMUNIST_GOV_TYPE;ֲ;;;;;;;;;;X
po_install_communist_gov_type;ֲ;;;;;;;;;;X
install_communist_gov_cb;ֲ;;;;;;;;;;X
install_communist_gov_cb_desc;ֲһ;;;;;;;;;;X
install_communist_gov_cb_setup;ֲһʵ֣ùԶҹȦ;;;;;;;;;;X
install_communist_gov_cb_short;ֲ;;;;;;;;;;X
CB_ALLOWED_UNINSTALL_COMMUNIST_GOV_TYPE;Ʒ;;;;;;;;;;X
po_uninstall_communist_gov_type;Ʒ;;;;;;;;;;X
uninstall_communist_gov_cb;Ʒ;;;;;;;;;;X
uninstall_communist_gov_cb_desc;Ʒ;;;;;;;;;;X
uninstall_communist_gov_cb_setup;Ʒ;;;;;;;;;;X
uninstall_communist_gov_cb_short;Ʒ;;;;;;;;;;X
NF_OVERWRITE_HEADER;ҪµĹҽY$NF$!Ƴһ;;;;;;;;;;X
NF_OVERWRITE_ENTRY;Y$NF$!\nڧG$STATE$!;;;;;;;;;;X
PRESTIGE_MORALE_BONUS;ʿӳɣY$VAL$!;;;;;;;;;;X
PRESTIGE_MAX_ORG_BONUS;֯ȼӳɣY$VAL$!;;;;;;;;;;X
PRESTIGE_PENALTY_ON_LEADER_TRANSFER_TITLE;ͷ;;;;;;;;;;X
PRESTIGE_PENALTY_ON_LEADER_TRANSFER_DESC;սʱָӹ٧Y$NAME$?ְҹʧR$VAL$!\nȷҪ;;;;;;;;;;X
REORG_PANEL_BALANCE_UNITS;ƽ;;;;;;;;;;X
INVEST_PROJECT_NOT_ENOUGH_MONEY;Rû㹻ʽ!;;;;;;;;;;X
INVEST_PROJECT_SHORTCUT_MAX;RCtrl + !ԸüƻͶY$AMOUNT$!;;;;;;;;;;X
INVEST_PROJECT_SHORTCUT_MAX_ALL;RShift + !мƻͶY$AMOUNT$!;;;;;;;;;;X
INVEST_PROJECT_CONFIRM;Ͷ;;;;;;;;;;X
INVEST_PROJECT_MAX;;;;;;;;;;;X
INVEST_PROJECT_TITLE;Ͷʼƻ$LOC$"$PROJ$";;;;;;;;;;X
INVEST_PROJECT_TOOLTIP_YOUR_BUDGET;Ԥ;;;;;;;;;;X
INVEST_PROJECT_TOOLTIP_PROJECT_BUDGET;ƻԤǧY$BUD$!ҪǧY$TOT$!\nͶʧY$INV$!;;;;;;;;;;X
INVEST_PROJECT_TOOLTIP_APPLY;Ͷ;;;;;;;;;;X
MIL_MULTI_CONSTRUCTION_TOOLTIP;Y + SHIFT! ȫ;;;;;;;;;;X
MIL_CONSTRUCTION_CANCEL_ALL_SHORT;ȡȫ;;;;;;;;;;X
MIL_CONSTRUCTION_CANCEL_ALL;ȡȫ;;;;;;;;;;X
MIL_CONSTRUCTION_CANCEL_ALL_WARNING_TITLE;ȡȫ;;;;;;;;;;X
MIL_CONSTRUCTION_CANCEL_ALL_WARNING_DESC;ȷҪȡȫ½;;;;;;;;;;X
SORT_BY_PRESTIGE;;;;;;;;;;;X
SORT_BY_NAME;;;;;;;;;;;X
SORT_BY_SELECTED;ѡ;;;;;;;;;;X
ATTACKUSREBEL_SETUP;ӱѾ;;;;;;;;;;X
ATTACKUSREBEL_HEADER;½;;;;;;;;;;X
ATTACKUSREBEL_1;⵽;;;;;;;;;;X
ATTACKUSREBEL_2;$MONARCHTITLE$;;;;;;;;;;X
ATTACKUSREBEL_3;$PROV$⵽;;;;;;;;;;X
ATTACKUSREBEL_4;$ATTACKER$Ҿս;;;;;;;;;;X
ATTACKUSREBEL_5;*;;;;;;;;;;X
ATTACKUSREBEL_6;*;;;;;;;;;;X
ATTACKUSREBEL_LOG;Ҿ$PROV$⵽;;;;;;;;;;X
ATTACKUSREBEL_BTN1;õ;;;;;;;;;;X
ATTACKUSREBEL_BTN2;õ;;;;;;;;;;X
ATTACKUSREBEL_BTN3;ת;;;;;;;;;;X
ATTACKUSREBEL_MAP;⵽;;;;;;;;;;X
ATTACKTHEMREBEL_SETUP;ӹѾ;;;;;;;;;;X
ATTACKTHEMREBEL_HEADER;½;;;;;;;;;;X
ATTACKTHEMREBEL_1;о;;;;;;;;;;X
ATTACKTHEMREBEL_2;$MONARCHTITLE$;;;;;;;;;;X
ATTACKTHEMREBEL_3;$PROV$о;;;;;;;;;;X
ATTACKTHEMREBEL_4;Ҿ$DEFENDER$ͼװ;;;;;;;;;;X
ATTACKTHEMREBEL_5;*;;;;;;;;;;X
ATTACKTHEMREBEL_6;*;;;;;;;;;;X
ATTACKTHEMREBEL_LOG;Ҿ$PROV$о;;;;;;;;;;X
ATTACKTHEMREBEL_BTN1;õ;;;;;;;;;;X
ATTACKTHEMREBEL_BTN2;õ;;;;;;;;;;X
ATTACKTHEMREBEL_BTN3;ת;;;;;;;;;;X
ATTACKTHEMREBEL_MAP;о;;;;;;;;;;X
SIEGEUSREBEL_SETUP;Ѿʼռҹ;;;;;;;;;;X
SIEGEUSREBEL_HEADER;$MESSENGER$;;;;;;;;;;X
SIEGEUSREBEL_1;ҹʼ⵽ռ;;;;;;;;;;X
SIEGEUSREBEL_2;$MONARCHTITLE$;;;;;;;;;;X
SIEGEUSREBEL_3;$PROV$;;;;;;;;;;X
SIEGEUSREBEL_4;ʼ⵽ռ졣ص;;;;;;;;;;X
SIEGEUSREBEL_5;$ATTACKER$;;;;;;;;;;X
SIEGEUSREBEL_6;ܿҾǰһͿ;;;;;;;;;;X
SIEGEUSREBEL_LOG;$PROV$ʼ⵽ռ;;;;;;;;;;X
SIEGEUSREBEL_BTN1;õ;;;;;;;;;;X
SIEGEUSREBEL_BTN2;õ;;;;;;;;;;X
SIEGEUSREBEL_BTN3;ת;;;;;;;;;;X
SIEGEUSREBEL_MAP;*;;;;;;;;;;X
SIEGETHEMREBEL_SETUP;ҾʼռѾ;;;;;;;;;;X
SIEGETHEMREBEL_HEADER;$MESSENGER$;;;;;;;;;;X
SIEGETHEMREBEL_1;оʼ⵽ռ;;;;;;;;;;X
SIEGETHEMREBEL_2;$MONARCHTITLE$Ҿʼռ;;;;;;;;;;X
SIEGETHEMREBEL_3;$PROV$;;;;;;;;;;X
SIEGETHEMREBEL_4;Ҿܿͻ;;;;;;;;;;X
SIEGETHEMREBEL_5;$DEFENDER$;;;;;;;;;;X
SIEGETHEMREBEL_6;ǽػҹͳΡ;;;;;;;;;;X
SIEGETHEMREBEL_LOG;Ҿʼռ$PROV$;;;;;;;;;;X
SIEGETHEMREBEL_BTN1;õ;;;;;;;;;;X
SIEGETHEMREBEL_BTN2;õ;;;;;;;;;;X
SIEGETHEMREBEL_BTN3;ת;;;;;;;;;;X
SIEGETHEMREBEL_MAP;*;;;;;;;;;;X
REMOVE_RANDOM_ECO_REFORMS_EFFECT;ƳR$VAL$!øĸ\n;;;;;;;;;;X
REMOVE_RANDOM_MIL_REFORMS_EFFECT;ƳR$VAL$!¸ĸ\n;;;;;;;;;;X
PRODUCTION_FACTORY_PURE_INCOME;վ룺$VALUE$;;;;;;;;;;X
PRODUCTION_FACTORY_MARKET_SPENDINGS;г֧$VALUE$;;;;;;;;;;X
PRODUCTION_FACTORY_POP_PAYCHECKS;ʱҷֳɣ$VALUE$;;;;;;;;;;X
PRODUCTION_FACTORY_TOTAL_BALANCE;սࣺ$VALUE$;;;;;;;;;;X
PRODUCTION_FACTORY_TODAY_PROFIT;ӯ$VALUE$;;;;;;;;;;X
PRODUCTION_FACTORY_PROFITABILITY;ƽӯȥ$DAYS$գ$VALUE$;;;;;;;;;;X
PRODUCTION_FACTORY_CURRENT_BUDGET;Ԥ㣺$VALUE$;;;;;;;;;;X
PRODUCTION_FACTORY_INVESTMENT;Ͷʣ$VALUE$;;;;;;;;;;X
PRODUCTION_FACTORY_SUBSIDIES;Բ$VALUE$;;;;;;;;;;X
INFLUENCE_OVERFLOW_TOOLTIP;ÿͶY$VALUE$!ӰԼҵӰ;;;;;;;;;;X
TRADE_FLOW_PRODUCED;Y:W;;;;;;;;;;X
TRADE_FLOW_USED;Yʹ:W;;;;;;;;;;X
TRADE_FLOW_MAY_BE_USED;Yʹ:W;;;;;;;;;;X
TRADE_FLOW_TOTAL_PRODUCED;Yܲ:W;;;;;;;;;;X
TRADE_FLOW_TOTAL_USED;Yʹ:W;;;;;;;;;;X
TRADE_FLOW_RGO_NAME;ԭϲ;;;;;;;;;;X
TRADE_FLOW_DESC_RGO;$POP$ÿ$ACTION$$AMOUNT$λ$RESOURCE$;;;;;;;;;;X
TRADE_FLOW_DESC_RGO_ACTION_MINING;;;;;;;;;;;X
TRADE_FLOW_DESC_RGO_ACTION_FARMING;;;;;;;;;;;X
TRADE_FLOW_DESC_ARTISAN;ֹҵÿ$AMOUNT$λ$RESOURCE$;;;;;;;;;;X
TRADE_FLOW_DESC_FACTORY;$STATE$$FACTORY$ÿ$AMOUNT$λ$RESOURCE$;;;;;;;;;;X
TRADE_FLOW_CONSUME_DESC_ARTISAN;ֹҵʹ$AMOUNT$λ$RESOURCE$$OUTPUT$;;;;;;;;;;X
TRADE_FLOW_CONSUME_DESC_RGO;$POP$ʹ$AMOUNT$λ$RESOURCE$$OUTPUT$;;;;;;;;;;X
TRADE_FLOW_CONSUME_DESC_FACTORY;$STATE$$FACTORY$ʹ$AMOUNT$λ$RESOURCE$Ϊԭϻά;;;;;;;;;;X
TRADE_FLOW_CONSUME_DESC_POPS;$POP$ʹ$AMOUNT$λ$RESOURCE$Ϊÿ;;;;;;;;;;X
TRADE_FLOW_CONSUME_DESC_MILITARY;ʹ$AMOUNT$λ$RESOURCE$Ϊÿղ;;;;;;;;;;X
TRADE_FLOW_MAY_USE_MILITARY_DESC;$INPUT$ܱڲ;;;;;;;;;;X
TRADE_FLOW_MAY_USE_DESC;$INPUT$ܱ$PRODUCER$$OUTPUT$;;;;;;;;;;X
TRADE_FLOW_MILITARY_SUPPLY;;;;;;;;;;;X
TRADE_FLOW_CURRENT_PRICE;ּ:;;;;;;;;;;X
TRADE_FLOW_DETAILS;ϸ;;;;;;;;;;X
TRADE_FLOW_PART_OF_WORLD_PROD;ħY$PERC$%;;;;;;;;;;X
EMIGRATION_AT_PROVINCE_TOOLTIP;Y񵽣!\n$EMILIST$\nYԣ!\n$IMMLIST$;;;;;;;;;;X
NO_MIGRATIONS_FOUND1_TOOLTIP;ʡڣY$COUNTRY$!;;;;;;;;;;X
NO_MIGRATIONS_FOUND2_TOOLTIP;ûм¼ڰĿ;;;;;;;;;;X
NO_MIGRATIONS_FOUND3_TOOLTIP;ѡʡݲ鿴飩;;;;;;;;;;X
PROVINCE_VIEW_BUILD_ALL_TOOLTIP; + CTRL ʡһ裩;;;;;;;;;;X
EMIGRATION_ENTRY_TOOLTIP;R$NUM$!ȥY$PROV$!;;;;;;;;;;X
IMMIGRATION_ENTRY_TOOLTIP;G$NUM$!ԧY$PROV$!;;;;;;;;;;X
CB_GENERATION_SPEED_BONUS_ON_COLONY_COMPETITION;Y$COUNTRY$!ֳY$REGION$!ٶȽY$BONUS$!;;;;;;;;;;X
CB_GENERATION_BONUS_TOOLTIP;뾺ңY$COUNTRIES$?սٶȽY$BONUS$!;;;;;;;;;;X
CB_GENERATION_BONUS_TROOPS_PRESENCE_TOOLTIP;Y$BONUS$!פ;;;;;;;;;;X
CB_GENERATION_BONUS_OPPONENT_TROOPS_PRESENCE;Y$BONUS$!ΪY$FOR$!ԧY$AGAINST$?פ;;;;;;;;;;X
MODIFIER_CB_GENERATION_SPEED_MODIFIER;սڵٶ;;;;;;;;;;X
NOT_CONSTRUCTING_CASUS_BELLI_AGAINST;ûнսԶԸ;;;;;;;;;;X
MODIFIER_MOBILIZATION_IMPACT;ԱӰ;;;;;;;;;;X
MOBILIZATION_IMPACT_LIMIT_DESC;ԱӰY$IMPACT$!ԴսߧY$POLICY$!ɶԱΪY$UNITS$!;;;;;;;;;;X
MOBILIZATION_IMPACT_LIMIT_DESC2;ΪY$CURR$!ԱӰΪY$IMPACT$!;;;;;;;;;;X
CONSTRUCTING_CASUS_BELLI_AGAINST;սԶԸ;;;;;;;;;;X
TRIGGER_CB_CREATION_NOT_DISCOVERED;ûս;;;;;;;;;;X
TRIGGER_CB_CREATION_DISCOVERED;ս;;;;;;;;;;X
TRIGGER_CB_PROGRESS_LESS;ս̣Y$PERCENTAGE$W;;;;;;;;;;X
TRIGGER_CB_PROGRESS_ATLEAST;ս̵ڣY$PERCENTAGE$W;;;;;;;;;;X
TRIGGER_IS_CONSTRUCTING_CB;սڣY$TYPE$W;;;;;;;;;;X
TRIGGER_IS_NOT_CONSTRUCTING_CB;ûսڣY$TYPE$W;;;;;;;;;;X
NEED_RELATION_LESS;⽻ϵ̫áϵҪ$LIMIT$ֵΪ$VAL$;;;;;;;;;;X
ALREADY_MAKING_CB;ѾŬʹ$TARGET$սϷ;;;;;;;;;;X
MAKE_CB_BUTTON;ս;;;;;;;;;;X
MAKE_CB_DESC;Ϊսһ;;;;;;;;;;X
MAKE_CBTITLE;ս;;;;;;;;;;X
MAPMODE_11;ԭϲصͼ;;;;;;;;;;X
MAPMODE_12;˿ܶȵͼ;;;;;;;;;;X
MAPMODE_13;ͼ;;;;;;;;;;X
MAPMODE_14;Χͼ;;;;;;;;;;X
MAPMODE_15;޵ͼ;;;;;;;;;;X
MAPMODE_16;ֵ֧ͼ;;;;;;;;;;X
MAPMODE_17;ͼ;;;;;;;;;;X
MAPMODE_18;ͼ;;;;;;;;;;X
MAPMODE_20;⽻ϵͼ;;;;;;;;;;X
WORLD_RANKING;:;;;;;;;;;;X
WORLD_RANKING_SECONDARY_POWER;Y$COUNTRY$WǴǿ;;;;;;;;;;X
POPULATION_DENSITY_AT_PROVINCE;Y$PROV$W˿:;;;;;;;;;;X
NATIONALITY_MAJORITY_AT_PROVINCE;Y$PROV$WҪ:;;;;;;;;;;X
SPHERE_OF_INFL_GREAT_POWER;Y$COUNTRY$Wǿ;;;;;;;;;;X
SPHERE_OF_INFL_IS_IN_SPHERE;Y$COUNTRY1$WڧY$COUNTRY2$WȦ;;;;;;;;;;X
SPHERE_OF_INFL_IS_INFL_BY;Y$COUNTRY$WӰ:;;;;;;;;;;X
PARTY_LOYALTY_EFFECT_DESC;Y$PROV$WԧY$PARTY$Wҳ϶Ƚ$OPERATOR$Y$VALUE$W;;;;;;;;;;X
PARTY_LOYALTY_EFFECT_OPERATOR_ADD;;;;;;;;;;;X
PARTY_LOYALTY_EFFECT_OPERATOR_REM;;;;;;;;;;;X
PARTY_LOYALTY_EFFECT_OPERATOR_MUL;;;;;;;;;;;X
PARTY_LOYALTY_EFFECT_OPERATOR_SET;ﵽ;;;;;;;;;;X
PARTY_LOYALTY_DESC_HEADER;ڧY$PROV$Wֶ֧:;;;;;;;;;;X
PARTY_LOYALTY_DESC_NEUTRAL;;;;;;;;;;;X
PARTY_POPULARITY;;;;;;;;;;;X
PRICE_HISTORY_TIME_RANGE;ȥ$MONTHS$;;;;;;;;;;X
party_loyalty_focus;ҳ϶;;;;;;;;;;X
fascist_focus;Y˹!ҳ϶;;;;;;;;;;X
reactionary_focus;Y?ҳ϶;;;;;;;;;;X
conservative_focus;Y?ҳ϶;;;;;;;;;;X
socialist_focus;Y?ҳ϶;;;;;;;;;;X
communist_focus;Y?ҳ϶;;;;;;;;;;X
liberal_focus;Y?ҳ϶;;;;;;;;;;X
anarcho_liberal_focus;Y?ҳ϶;;;;;;;;;;X
NATIONAL_FOCUS_PARTY_LOYALTY_DESC;ÿҳ϶ȱ仯Y$VAL$W;;;;;;;;;;X
PARTY_WITH_IDEOLOGY_NOT_EXIST;ĿǰûЧY$IDEOLOGY$W;;;;;;;;;;X
NATIONAL_FOCUS_PARTY_LOYALTY_EFFECT;ڹҽ㣬$PARTY$ҳ϶ÿձ仯$VAL$;;;;;;;;;;X
SUBSTATE_OF_NOCOLOR;ι;;;;;;;;;;X
SUBSTATE;ι;;;;;;;;;;X
SUBSTATE_JOIN_WAR_DESC;ǧY$COUNTRY$WĴιңսн÷;;;;;;;;;;X
IS_NOT_SUBSTATE_OF;Ǵι;;;;;;;;;;X
IS_SUBSTATE_OF;Ǵι;;;;;;;;;;X
IS_NOT_SUBSTATE;Ǵι;;;;;;;;;;X
IS_SUBSTATE;Ǵι;;;;;;;;;;X
ANY_SUBSTATE;ι;;;;;;;;;;X
acquire_substate_region;ȡι;;;;;;;;;;X
acquire_substate_region_desc;ȡڸùħYιҧW;;;;;;;;;;X
acquire_substate_region_short;ȡ$STATE$;;;;;;;;;;X
acquire_substate_region_setup;ȡ$RECIPIENT$$STATE$;;;;;;;;;;X
become_independent;ö;;;;;;;;;;X
become_independent_short;$ACTOR$$RECIPIENT$ͳ¶;;;;;;;;;;X
become_independent_setup;$ACTOR$$RECIPIENT$ͳ»ö;;;;;;;;;;X
#become_independent_desc;ö;;;;;;;;;;X
make_puppet;Ȩ;;;;;;;;;;X
make_puppet_short;$RECIPIENT$Ϊ$ACTOR$Ŀܹ;;;;;;;;;;X
make_puppet_setup;$RECIPIENT$Ϊ$ACTOR$Ŀܹ;;;;;;;;;;X
make_puppet_desc;Ϊܹ;;;;;;;;;;X
RALLY_POINT_INFO;øʡΪY!ʡ齨²ӽＯ\n鿴ļͼԻøϸڣ;;;;;;;;;;X
RALLY_POINT_ENABLE_INFO;ûʡΪ;;;;;;;;;;X
RALLY_POINT_MERGE_INFO;ȡԶϲ\nӻԶϲزΪֹ;;;;;;;;;;X
RALLY_POINT_PROVINCE_INFO;$PROV$ǧY!;;;;;;;;;;X
RALLY_POINT_PROVINCE_MERGE_INFO;е˵صĲӽϲY$LIMIT$!;;;;;;;;;;X
CB_ALLOWED_MAKE_PUPPET;ֲȨ;;;;;;;;;;X
DIPLOMACY_NEGOTIATE_SUBSTATE;ǲܺͧYιҧW̸;;;;;;;;;;X
DIPLOMACY_NEGOTIATE_WE_SUBSTATE;ǧYιҧW̸;;;;;;;;;;X
DECL_WAR_NO_SUBSTATE;ǲYιҧWս;;;;;;;;;;X
DIPLO_WE_SUBSTATE;ǵĴι;;;;;;;;;;X
DIPLO_THEY_SUBSTATE;ҹĴι;;;;;;;;;;X
SELECT_CB_CREATION_TYPE;ѡϣս;;;;;;;;;;X
CB_CREATION_DETAIL;һY$TYPE$!սڣԼҪY$DAYS$!\nǰй¶ҹӧR$BADBOY$!;;;;;;;;;;X
CB_MANUFACTURE_TECH;սЧ;;;;;;;;;;X
CB_CREATE_TECH;սЧʣ$VAL$;;;;;;;;;;X
SUPPRESSION_TECH_DESC;ѹЧʣ$VAL$;;;;;;;;;;X
CB_CREATION_TIME_DAYS;ԼҪY$DAYS$!ս;;;;;;;;;;X
CB_NOT_ON_PUPPETS;ǲܶԧYܹWͧYιҧWս;;;;;;;;;;X
CB_NOT_ON_SPHERES;ǲܶȦڵĹҽս;;;;;;;;;;X
NO_WAR_JUSTIFICATION;ûжսĺϷ;;;;;;;;;;X
NOT_HOSTILE_BUILD;ǵж;;;;;;;;;;X
ACW_NAME;һս;;;;;;;;;;X
ACW_DESC;186171գ¹Բս˵һս١ӢйձһһҾУֻϵ۲֪˭ջʤңԶڽԼֵǽҵVSϷֲ԰ߣִͬ䡣¾ϵܣᱻη;;;;;;;;;;X
EVTNAME90000;$CB_TARGET_NAME_ADJ$в;;;;;;;;;;X
EVTDESC90000;֪$CB_TARGET_NAME$ıǡǷֻʱ⣬Ǳȷˡ˵ǣһϸ¶Ƕ񶾼ƻСӱ㷺ӡˢŭڶ۵ǵ¡;;;;;;;;;;X
EVTOPTA90000;ǾҪˣ;;;;;;;;;;X
EVTNAME90001;$CB_TARGET_NAME$ľж;;;;;;;;;;X
EVTDESC90001;ޱεǣҹʿ$CB_TARGET_NAME$ǱùʱˡҥԳǱȥ߾ףʹǵֺϷòҪٻϽˡ;;;;;;;;;;X
EVTOPTA90001;˵ʲôأ;;;;;;;;;;X
EVTNAME90002;б$CB_TARGET_NAME$;;;;;;;;;;X
EVTDESC90002;ܲб$CB_TARGET_NAME$ܾˡΪ˹ĸǱȫ¶$CB_TARGET_NAME$ĲбͳΣΧڵҹ֮£ù١;;;;;;;;;;X
EVTOPTA90002;ǣ;;;;;;;;;;X
EVTNAME90003;б$CB_TARGET_NAME$;;;;;;;;;;X
EVTDESC90003;չʾ˴ʵ$CB_TARGET_NAME$бͳε֤ݣȻûйۻǿ֧ǽЩѹȵС;;;;;;;;;;X
EVTOPTA90003;;;;;;;;;;;X
EVTNAME90004;$CB_TARGET_NAME$;;;;;;;;;;X
EVTDESC90004;ûǿı$CB_TARGET_NAME$ܲȫΪ˱ǣҪΧǿܻڶڻȡжϾ㹻ͳΪǿˡ;;;;;;;;;;X
EVTOPTA90004;ǡ;;;;;;;;;;X
EVTNAME90005;$CB_TARGET_NAME_ADJ$Ұ;;;;;;;;;;X
EVTDESC90005;ֻ뽫$CB_TARGET_NAME$ΧԱǣȴ𱨡ת۷ǵж;;;;;;;;;;X
EVTOPTA90005;õġ;;;;;;;;;;X
EVTNAME90006;ս$CB_TARGET_NAME_ADJ$۹;;;;;;;;;;X
EVTDESC90006;Ϊʲô$CB_TARGET_NAME$ܵõиĵֳأǳƽûȷذ˵ǱʲôҪõµأ;;;;;;;;;;X
EVTOPTA90006;ܺá;;;;;;;;;;X
EVTNAME90007;ֳ;;;;;;;;;;X
EVTDESC90007;ǫѷ̬Ҫ󣬹Ȼ֧½ҹ$CB_TARGET_NAME$ֳƽ⡣ǴδۣǼһóɹղ۹;;;;;;;;;;X
EVTOPTA90007;ܺá;;;;;;;;;;X
EVTNAME90008;жʱˣ;;;;;;;;;;X
EVTDESC90008;˶֪ѥӣ$CB_TARGET_NAME$ĽѾ̫ˡ̨ϸ̫ˣΪǿΪΪллأϵҺҹڶᶨ֧ǣ$CB_TARGET_NAME$õѵ;;;;;;;;;;X
EVTOPTA90008;ܺá;;;;;;;;;;X
EVTNAME90009;;Ĵ;;;;;;;;;;X
EVTDESC90009;$CB_TARGET_NAME$ǰԴȴװӶνġȨǽӣǣǺءҥ˵ǲǰԴĹң;;;;;;;;;;X
EVTOPTA90009;ܺá;;;;;;;;;;X
VOTER_ISSUES;ͶƱ߹ע;;;;;;;;;;X
OL_VIEW_NATFOCUS;򿪧YҽW;;;;;;;;;;X
OL_VIEW_NATFOCUS_HEADER;ҽ;;;;;;;;;;X
OL_VIEW_NATFOCUS_TOOLTIP;ҽ㣨Y$FOCUS$!ڧY$STATE$!;;;;;;;;;;X
OL_VIEW_RALLYPOINTS;򿪧YW;;;;;;;;;;X
OL_VIEW_RALLYPOINTS_HEADER;;;;;;;;;;;X
OL_VIEW_RALLYPOINTS_TOOLTIP;ʡ齨²ӽY$PROV$?;;;;;;;;;;X
OL_VIEW_RALLYPOINTS_MERGE_TOOLTIP;ڵ˵ʱϲY$LIMIT$?;;;;;;;;;;X
OL_VIEW_MERGE_ON;GԶϲ!;;;;;;;;;;X
OL_VIEW_MERGE_OFF;YԶϲرգ!;;;;;;;;;;X
OUR_CB_DETECTED_SETUP;ҹս̱;;;;;;;;;;X
OUR_CB_DETECTED_HEADER;$MONARCHTITLE$;;;;;;;;;;X
OUR_CB_DETECTED_1;ս;;;;;;;;;;X
OUR_CB_DETECTED_2;ҹ;;;;;;;;;;X
OUR_CB_DETECTED_3;Y$CASUS$!;;;;;;;;;;X
OUR_CB_DETECTED_4;;;;;;;;;;;X
OUR_CB_DETECTED_5;$TARGET$ս;;;;;;;;;;X
OUR_CB_DETECTED_6;жˣӧR$BADBOY$!;;;;;;;;;;X
OUR_CB_DETECTED_LOG;ҹ$TARGET$ս̱֡;;;;;;;;;;X
OUR_CB_DETECTED_BTN1;õ;;;;;;;;;;X
OUR_CB_DETECTED_BTN2;õ;;;;;;;;;;X
OUR_CB_DETECTED_BTN3;ת;;;;;;;;;;X
OUR_CB_DETECTED_MAP;*;;;;;;;;;;X
CB_TOWARDS_US_DETECTED_SETUP;ҹս̱;;;;;;;;;;X
CB_TOWARDS_US_DETECTED_HEADER;$MONARCHTITLE$;;;;;;;;;;X
CB_TOWARDS_US_DETECTED_1;ս;;;;;;;;;;X
CB_TOWARDS_US_DETECTED_2;$COUNTRY$;;;;;;;;;;X
CB_TOWARDS_US_DETECTED_3;Y$CASUS$?;;;;;;;;;;X
CB_TOWARDS_US_DETECTED_4;;;;;;;;;;;X
CB_TOWARDS_US_DETECTED_5;ҹ;;;;;;;;;;X
CB_TOWARDS_US_DETECTED_6;ͼˣ;;;;;;;;;;X
CB_TOWARDS_US_DETECTED_LOG;$COUNTRY$Aҹս̱֡;;;;;;;;;;X
CB_TOWARDS_US_DETECTED_BTN1;õ;;;;;;;;;;X
CB_TOWARDS_US_DETECTED_BTN2;õ;;;;;;;;;;X
CB_TOWARDS_US_DETECTED_BTN3;ת;;;;;;;;;;X
CB_TOWARDS_US_DETECTED_MAP;*;;;;;;;;;;X
OTHERS_CB_DETECTED_SETUP;ĳս̱;;;;;;;;;;X
OTHERS_CB_DETECTED_HEADER;$MONARCHTITLE$;;;;;;;;;;X
OTHERS_CB_DETECTED_1;ս;;;;;;;;;;X
OTHERS_CB_DETECTED_2;$COUNTRY$;;;;;;;;;;X
OTHERS_CB_DETECTED_3;Y$CASUS$!;;;;;;;;;;X
OTHERS_CB_DETECTED_4;;;;;;;;;;;X
OTHERS_CB_DETECTED_5;$TARGET$ս;;;;;;;;;;X
OTHERS_CB_DETECTED_6;ͼˣ;;;;;;;;;;X
OTHERS_CB_DETECTED_LOG;$COUNTRY$A$TARGET$ս̱֡;;;;;;;;;;X
OTHERS_CB_DETECTED_BTN1;õ;;;;;;;;;;X
OTHERS_CB_DETECTED_BTN2;õ;;;;;;;;;;X
OTHERS_CB_DETECTED_BTN3;ת;;;;;;;;;;X
OTHERS_CB_DETECTED_MAP;*;;;;;;;;;;X
CB_gen_plus;սٶȼӿ;;;;;;;;;;X
CB_gen_minus;սٶ½;;;;;;;;;;X
CB_gen_plus_desc;ս;;;;;;;;;;X
CB_gen_minus_desc;սʱ;;;;;;;;;;X
BUILDING_AT_MAX_TERRAIN;$CURR$/$MAX$R$TERRAINMOD$!$TERRAIN$;;;;;;;;;;X
PRODUCTION_INVEST;Ͷ;;;;;;;;;;X
PRODUCTION_TAB_INVEST;չʾͶʸſ;;;;;;;;;;X
FLAG_SUBMENU_INTERESTING;ùע;;;;;;;;;;X
FLAG_SUBMENU_NOTINTERESTING;Ϊע;;;;;;;;;;X
MESSAGE_TYPE_INTERESTING;ע;;;;;;;;;;X
MESSAGE_TYPE_NOT_INTERESTING;;;;;;;;;;;X
MESSAGE_SEARCH;:;;;;;;;;;;X
MESSAGE_BUTTON_SEARCH;;;;;;;;;;;X
MESSAGE_BUTTON_CLEAR;;;;;;;;;;;X
MESSAGE_SEARCH_TOOLTIP;ÿոָؼԹб;;;;;;;;;;X
SIDEMENU_menubar_msg_settings;Ϣ;;;;;;;;;;X
RULE_BUILD_FACTORY_INVEST;躣⹤;;;;;;;;;;X
RULE_EXPAND_FACTORY_INVEST;⹤;;;;;;;;;;X
RULE_OPEN_FACTORY_INVEST;ؿ⹤;;;;;;;;;;X
RULE_BUILD_RAILWAY_INVEST;Ͷ߿޽·;;;;;;;;;;X
RULE_CAN_INVEST_IN_POP_PROJECTS;Ͷ佨ƻ;;;;;;;;;;X
RULE_POP_BUILD_FACTORY_INVEST;Ͷ߿޽⹤;;;;;;;;;;X
RULE_POP_EXPAND_FACTORY_INVEST;Ͷ߿⹤;;;;;;;;;;X
RULE_POP_OPEN_FACTORY_INVEST;Ͷ߿ؿ⹤;;;;;;;;;;X
PRODUCTION_OUR_INVEST;ǵͶʣ$AMOUNT$$PERCENTAGE$%;;;;;;;;;;X
MSG_FILTER_HEADER;Ϣ;;;;;;;;;;X
MSG_FILTER_TITLE;ǹע:;;;;;;;;;;X
MSG_FILTER_DESELECT;ȡȫ;;;;;;;;;;X
MSG_FILTER_BEST_GUESS;Զ;;;;;;;;;;X
MSG_FILTER_ENEMIES;й;;;;;;;;;;X
MSG_FILTER_ALLIES;˹;;;;;;;;;;X
MSG_FILTER_NEIGHBOURS;ڹ;;;;;;;;;;X
MSG_FILTER_SPHERE;Ȧ;;;;;;;;;;X
PRODUCTION_BROWSE_INVEST;;;;;;;;;;;X
DIPLOMACY_OPINION_INVESTMENT;Y$GP_ADJ$WͶʣY$VALUE$!;;;;;;;;;;X
MSG_FILTER_TOOLTIP_HEADER;ϢôڣѡעĹҡֻЩҪҵϢŻʾ;;;;;;;;;;X
MSG_FILTER_TOOLTIP_DELAYED;Y!滻ѡ\nYҼ!ӵѡ\nYSHIFT!л;;;;;;;;;;X
MSG_FILTER_TOOLTIP_DESELECT;ȡбй;;;;;;;;;;X
MSG_FILTER_TOOLTIP_BESTGUESS;Զѡ;;;;;;;;;;X
MSG_FILTER_TOOLTIP_ENEMIES;ѡй;;;;;;;;;;X
MSG_FILTER_TOOLTIP_ALLIES;ѡ˹;;;;;;;;;;X
MSG_FILTER_TOOLTIP_NEIGHBOURS;ѡڹ;;;;;;;;;;X
MSG_FILTER_TOOLTIP_SPHERE;ѡȦڵĹңǿ;;;;;;;;;;X
MSG_FILTER_TOOLTIP_CONTINENT;ѡӵб½ʡݵĹ;;;;;;;;;;X
PRODUCTION_NOT_DESTROY_FACTORY_BECAUSE_FOREIGN_TOOLTIP;ûȨ;;;;;;;;;;X
INVESTMENT_PENALTY_FACTOR;Ͷ;;;;;;;;;;X
SPHERE_SHARE_NOT_IN_SPHERE;ȦڣԿɵزг;;;;;;;;;;X
SPHERE_SHARE_UNCIV;δҧY$PERCENTAGE$%!ԴͶŵ쵼г;;;;;;;;;;X
SPHERE_SHARE_2NDRANK;ǿY$PERCENTAGE$%!ԴͶŵ쵼гֵY$BASE_PERCENTAGE$%!;;;;;;;;;;X
SPHERE_SHARE_CIV;ҧY$PERCENTAGE$%!ԴͶŵ쵼гֵY$BASE_PERCENTAGE$%!;;;;;;;;;;X
RULE_ALLOW_FOREIGN_INVESTMENT;Ͷ;;;;;;;;;;X
POLITICS_DECISIONS_TAB;;;;;;;;;;;X
POLITICS_MOVEMENTS_TAB;˶;;;;;;;;;;X
EVTNAME90100;;;;;;;;;;;X
EVTNAME90102;;;;;;;;;;;X
EVTNAME90104;;;;;;;;;;;X
EVTDESC90100;ɣڹĸĸʹǵĿǿҡ;;;;;;;;;;X
EVTOPTA90100;ҲЩʲô;;;;;;;;;;X
EVTOPTB90100;;;;;;;;;;;X
EVTDESC90102;ɣڹĸĸʹǵĿǿҡ;;;;;;;;;;X
EVTDESC90104;ᣬڹĸĸʹǵĿǿҡ;;;;;;;;;;X
EVTNAME90101;˺ٳŵ;;;;;;;;;;X
EVTDESC90101;ǳŵĸƶȣǲδȡжԴʮʧ;;;;;;;;;;X
EVTOPTA90101;˾ɥ;;;;;;;;;;X
EVTDESC90103;ǳŵɣǲδȡжԴʮʧ;;;;;;;;;;X
EVTOPTA90103;Ⱥ;;;;;;;;;;X
EVTDESC90105;ǳŵɽᣬǲδȡжԴʮʧ;;;;;;;;;;X
EVTOPTA90105;Ҫ;;;;;;;;;;X
MOVEMENT_RADICALISM_BASE;ֵR$VAL$%!;;;;;;;;;;X
MOVEMENT_RADICALISM_ACCUMULATED;ѹR$VAL$%!;;;;;;;;;;X
MOVEMENT_RADICALISM_GRANTED_REFORMS;ĸG$VAL$%!;;;;;;;;;;X
MOVEMENT_RADICALISM_CULTURE;$CULTURE$$VAL$;;;;;;;;;;X
ALREADY_SUPPRESSED;˶Ǽģܱѹ;;;;;;;;;;X
EVTNAME90900;쳯Ϲ;;;;;;;;;;X
EVTDESC90900;Ѿ㹻ȽʹЩŷްĳνġҡˡǱ쳯ͳһȨֹͣйӰ졣;;;;;;;;;;X
EVTOPTA90900;йٴһͳ;;;;;;;;;;X
EVTDESC90901;峯ĽʹҪǳȨܽζǶ״̬սᡣ;;;;;;;;;;X
EVTOPTA90901;йٴһͳ;;;;;;;;;;X
EVTOPTA90910;;;;;;;;;;;X
SUPPRESSION_POINTS;ѹ;;;;;;;;;;X
school_reforms;ѧУϵͳ;;;;;;;;;;X
no_schools;ѧУϵͳ;;;;;;;;;;X
low_schools;ѧУϵͳ;;;;;;;;;;X
acceptable_schools;һѧУϵͳ;;;;;;;;;;X
good_schools;ѧУϵͳ;;;;;;;;;;X
no_schools_l;ûѧУϵͳ;;;;;;;;;;X
low_schools_l;ѧУϵͳ;;;;;;;;;;X
acceptable_schools_l;һѧУϵͳ;;;;;;;;;;X
good_schools_l;ѧУϵͳ;;;;;;;;;;X
no_schools_desc;ûйѧУ;;;;;;;;;;X
low_schools_desc;ѧУձ顣;;;;;;;;;;X
acceptable_schools_desc;ѧУձ顣;;;;;;;;;;X
good_schools_desc;ѧУ鲼ڡ;;;;;;;;;;X
NATIONALIST_UNION_MOVEMENT;$COUNTRY_ADJ$ͳһ˶;;;;;;;;;;X
NATIONALIST_LIBERATION_MOVEMENT;$COUNTRY$˶;;;;;;;;;;X
SUPRESSION_MONTHLY_GAIN;ÿµõG$VAL$!;;;;;;;;;;X
MODIFIER_EDUCATION_EFFICIENCY;Ч;;;;;;;;;;X
MODIFIER_SUPPRESSION_POINT_GAIN;ѹõ;;;;;;;;;;X
NOT_SOCIAL_MOVEMENT_STRENGTH_TR;˶ڧY$VAL$W\n;;;;;;;;;;X
SOCIAL_MOVEMENT_STRENGTH_TR;˶ڧY$VAL$W\n;;;;;;;;;;X
NOT_POLITICAL_MOVEMENT_STRENGTH_TR;˶ڧY$VAL$W\n;;;;;;;;;;X
POLITICAL_MOVEMENT_STRENGTH_TR;˶ڧY$VAL$W\n;;;;;;;;;;X
SUPPRESS;ѹ;;;;;;;;;;X
SUPPRESSION_DESC;ѹ˶⽫$VAL$ѹܻʹ˶δøR+$HIT$!;;;;;;;;;;X
CANT_SUPPRESS_DESC;ҪѹЧR$VAL$!ҪY$NEED$!;;;;;;;;;;X
REFORM_MOVEMENT_DESC;˶ͨY$REFORM$!;;;;;;;;;;X
NATIONALIST_UNION_MOVEMENT_DESC;˶Y$COUNTRY$!;;;;;;;;;;X
NATIONALIST_LIBERATION_MOVEMENT_DESC;˶ŧY$COUNTRY$!;;;;;;;;;;X
SUPPRESSION_LABEL_DESC;ѹѹȺ˶;;;;;;;;;;X
MOVEMENT_REFORM_SUPPORT;$VAL$˲Ⱥ˶˵ʹĸ;;;;;;;;;;X
movement_no_slavery;ū˶;;;;;;;;;;X
movement_yes_slavery;ū˶;;;;;;;;;;X
movement_landed_voting;ͶƱȨ˶;;;;;;;;;;X
movement_wealth_weighted_voting;ͶƱȨ˶;;;;;;;;;;X
movement_wealth_voting;ͶƱȨ˶;;;;;;;;;;X
movement_universal_weighted_voting;ͶƱȨ˶;;;;;;;;;;X
movement_universal_voting;ͶƱȨ˶;;;;;;;;;;X
movement_party_appointed;ο˶;;;;;;;;;;X
movement_appointed;ο˶;;;;;;;;;;X
movement_state_equal_weight;ο˶;;;;;;;;;;X
movement_population_equal_weight;ο˶;;;;;;;;;;X
movement_first_past_the_post;ο˶;;;;;;;;;;X
movement_jefferson_method;ο˶;;;;;;;;;;X
movement_proportional_representation;ο˶;;;;;;;;;;X
movement_no_meeting;ȡ޹˶;;;;;;;;;;X
movement_yes_meeting;˶;;;;;;;;;;X
movement_censored_press;˶;;;;;;;;;;X
movement_free_press;˶;;;;;;;;;;X
movement_state_controlled;ҹƹ˶;;;;;;;;;;X
movement_non_socialist;幤˶;;;;;;;;;;X
movement_all_trade_unions;齨˶;;;;;;;;;;X
movement_harassment;ͶƱȨ˶;;;;;;;;;;X
movement_gerrymandering;ͶƱȨ˶;;;;;;;;;;X
movement_non_secret_ballots;ͶƱȨ˶;;;;;;;;;;X
movement_secret_ballots;ͶƱȨ˶;;;;;;;;;;X
movement_trinket_wage;͹˶;;;;;;;;;;X
movement_low_minimum_wage;͹˶;;;;;;;;;;X
movement_acceptable_minimum_wage;͹˶;;;;;;;;;;X
movement_good_minimum_wage;͹˶;;;;;;;;;;X
movement_fourteen_hours;߹ʱ˶;;;;;;;;;;X
movement_twelve_hours;߹ʱ˶;;;;;;;;;;X
movement_ten_hours;߹ʱ˶;;;;;;;;;;X
movement_eight_hours;߹ʱ˶;;;;;;;;;;X
movement_trinket_safety;ȫ˶;;;;;;;;;;X
movement_low_safety;ȫ˶;;;;;;;;;;X
movement_acceptable_safety;ȫ˶;;;;;;;;;;X
movement_good_safety;ȫ˶;;;;;;;;;;X
movement_trinket_subsidies;ʧҵ˶;;;;;;;;;;X
movement_low_subsidies;ʧҵ˶;;;;;;;;;;X
movement_acceptable_subsidies;ʧҵ˶;;;;;;;;;;X
movement_good_subsidies;ʧҵ˶;;;;;;;;;;X
movement_trinket_pensions;ϱ˶;;;;;;;;;;X
movement_low_pensions;ϱ˶;;;;;;;;;;X
movement_acceptable_pensions;ϱ˶;;;;;;;;;;X
movement_good_pensions;ϱ˶;;;;;;;;;;X
movement_trinket_health_care;ҽƱ˶;;;;;;;;;;X
movement_low_health_care;ҽƱ˶;;;;;;;;;;X
movement_acceptable_health_care;ҽƱ˶;;;;;;;;;;X
movement_good_health_care;ҽƱ˶;;;;;;;;;;X
movement_low_schools;ѧУ˶;;;;;;;;;;X
movement_acceptable_schools;ѧУ˶;;;;;;;;;;X
movement_good_schools;ѧУ˶;;;;;;;;;;X
POLITICS_MOVEMENTS;˶;;;;;;;;;;X
POLITICS_ECONOMIC_REFORMS;øĸ;;;;;;;;;;X
POLITICS_MILITARY_REFORMS;¸ĸ;;;;;;;;;;X
NORMAL_CIVIL_WAR_NAME_USA_CSA;$ORDER$ϱս;;;;;;;;;;X
NORMAL_CIVIL_WAR_NAME_USA_CSA;$ORDER$ϱս;;;;;;;;;;X
NORMAL_WAR_GUNBOAT_NAME;$ORDER$$FIRST_COUNTRY$$SECOND_COUNTRY$;;;;;;;;;;X
NORMAL_WAR_GUNBOAT_NAME_FRA_MEX;$ORDER$ս;;;;;;;;;;X
NORMAL_WAR_TAKE_NAME_USA_MEX;$ORDER$īս;;;;;;;;;;X
NORMAL_WAR_TAKE_NAME_USA_MEX;$ORDER$ī;;;;;;;;;;X
NORMAL_WAR_TAKE_CORE_NAME_USA_MEX;$ORDER$īս;;;;;;;;;;X
NORMAL_WAR_TAKE_CORE_NAME_USA_MEX;$ORDER$ī;;;;;;;;;;X
NORMAL_WAR_GUNBOAT_NAME_ENG_CHI;$ORDER$ѻƬս;;;;;;;;;;X
NORMAL_WAR_ADD_SPHERE_NAME_ENG_CHI;$ORDER$ѻƬս;;;;;;;;;;X
NORMAL_WAR_INDEPENDENCE_NAME;$ORDER$$FIRST$ս;;;;;;;;;;X
NORMAL_WAR_TAKE_NAME_CHL_PEU;$ORDER$ʯս;;;;;;;;;;X
NORMAL_WAR_TAKE_CORE_NAME_CHL_PEU;$ORDER$ʯս;;;;;;;;;;X
NORMAL_WAR_TAKE_NAME_CHL_BOL;$ORDER$ʯս;;;;;;;;;;X
NORMAL_WAR_TAKE_CORE_NAME_CHL_BOL;$ORDER$ʯս;;;;;;;;;;X
NORMAL_WAR_CONQUEST_NAME_ENG_TRN;$ORDER$ս;;;;;;;;;;X
NORMAL_WAR_CONQUEST_NAME_ENG_ORA;$ORDER$ս;;;;;;;;;;X
NORMAL_WAR_TAKE_NAME_ENG_TRN;$ORDER$ս;;;;;;;;;;X
NORMAL_WAR_TAKE_NAME_ENG_ORA;$ORDER$ս;;;;;;;;;;X
NORMAL_WAR_TAKE_NAME_ORA_ENG;$ORDER$ս;;;;;;;;;;X
NORMAL_WAR_TAKE_NAME_TRN_ENG;$ORDER$ս;;;;;;;;;;X
NORMAL_WAR_PUPPET_NAME_ENG_TRN;$ORDER$ս;;;;;;;;;;X
NORMAL_WAR_PUPPET_NAME_ENG_ORA;$ORDER$ս;;;;;;;;;;X
NORMAL_WAR_PUPPET_NAME;$ORDER$$FIRST$$SECOND_COUNTRY$֮ս;;;;;;;;;;X
NORMAL_WAR_BOXER_NAME;$ORDER$֮;;;;;;;;;;X
NORMAL_WAR_PUPPET_NAME_ENG_USA;$ORDER$ս;;;;;;;;;;X
NORMAL_WAR_NAME_ENG_USA;$ORDER$Ӣս;;;;;;;;;;X
NORMAL_WAR_TAKE_NAME_ENG_USA;$ORDER$Ӣս;;;;;;;;;;X
NORMAL_WAR_TAKE_CORE_NAME_ENG_USA;$ORDER$Ӣս;;;;;;;;;;X
NORMAL_WAR_CONQUEST_NAME_ENG_USA;$ORDER$ս;;;;;;;;;;X
NORMAL_WAR_HUMILIATE_NAME;$ORDER$$FIRST$-$SECOND$֮ս;;;;;;;;;;X
NORMAL_WAR_UNIFICATION_NAME_PRU_FRA;$ORDER$շս;;;;;;;;;;X
NORMAL_WAR_UNIFICATION_NAME_NGF_FRA;$ORDER$·ս;;;;;;;;;;X
CAN_INVEST_IN_RAILROADS;Ͷ·;;;;;;;;;;X
land_reform;ظĸ;;;;;;;;;;X
land_reform_l;ظĸ;;;;;;;;;;X
no_land_reform;ûظĸ;;;;;;;;;;X
yes_land_reform;ظĸ;;;;;;;;;;X
no_land_reform_desc;ûظĸ;;;;;;;;;;X
yes_land_reform_desc;ȨٷũҵͿҵЧ;;;;;;;;;;X
admin_reform;ƶȸĸ;;;;;;;;;;X
admin_reform_l;ƶȸĸ;;;;;;;;;;X
no_admin_reform;ûйƶȸĸ;;;;;;;;;;X
yes_admin_reform;ƶȸĸ;;;;;;;;;;X
no_admin_reform_desc;ûйƶȸĸ;;;;;;;;;;X
yes_admin_reform_desc;ǵĹƶȸЧ;;;;;;;;;;X
finance_reform;ڸĸ;;;;;;;;;;X
finance_reform_l;ڸĸ;;;;;;;;;;X
no_finance_reform;ûвڸĸ;;;;;;;;;;X
yes_finance_reform;ȡڸĸ;;;;;;;;;;X
finance_reform_two;ծ;;;;;;;;;;X
no_finance_reform_desc;ûвͽ;;;;;;;;;;X
yes_finance_reform_desc;ڸĸ;;;;;;;;;;X
finance_reform_two_desc;ǿҴ;;;;;;;;;;X
education_reform;ĸ;;;;;;;;;;X
education_reform_l;ĸ;;;;;;;;;;X
no_education_reform;ûнĸ;;;;;;;;;;X
yes_education_reform;ɽĸ;;;;;;;;;;X
no_education_reform_desc;ûнĸ;;;;;;;;;;X
yes_education_reform_desc;ҹӵ֯Ļ;;;;;;;;;;X
transport_improv;ͨϵͳ;;;;;;;;;;X
transport_improv_l;ͨϵͳ;;;;;;;;;;X
no_transport_improv;ûиĽ;;;;;;;;;;X
yes_transport_improv;õĽ;;;;;;;;;;X
no_transport_improv_desc;ͨϵͳ¾;;;;;;;;;;X
yes_transport_improv_desc;ͨϵͳִ;;;;;;;;;;X
pre_indust;ڹҵ;;;;;;;;;;X
pre_indust_l;ڹҵ;;;;;;;;;;X
no_pre_indust;̲Է;;;;;;;;;;X
yes_pre_indust;ҵݱ;;;;;;;;;;X
no_pre_indust_desc;ǲҪҵ;;;;;;;;;;X
yes_pre_indust_desc;ʰ½һЩܳΪҵǰ;;;;;;;;;;X
industrial_construction;ҵ;;;;;;;;;;X
industrial_construction_l;ҵ;;;;;;;;;;X
no_industrial_construction;ûйҵ;;;;;;;;;;X
yes_industrial_construction;ҵ;;;;;;;;;;X
no_industrial_construction_desc;ûȽ;;;;;;;;;;X
yes_industrial_construction_desc;ʰ˽˸Ƚ;;;;;;;;;;X
foreign_training;ѵ;;;;;;;;;;X
foreign_training_l;ѵ;;;;;;;;;;X
no_foreign_training;ʽѵ;;;;;;;;;;X
yes_foreign_training;ʽѵ;;;;;;;;;;X
no_foreign_training_desc;Ӱմͳѵ;;;;;;;;;;X
yes_foreign_training_desc;¹ʺѵ;;;;;;;;;;X
foreign_weapons;;;;;;;;;;;X
foreign_weapons_l;;;;;;;;;;;X
no_foreign_weapons;ʽ;;;;;;;;;;X
yes_foreign_weapons;;;;;;;;;;;X
no_foreign_weapons_desc;ͳװ;;;;;;;;;;X
yes_foreign_weapons_desc;ҵĴɱ;;;;;;;;;;X
military_constructions;½;;;;;;;;;;X
military_constructions_l;½;;;;;;;;;;X
no_military_constructions;ʩ;;;;;;;;;;X
yes_military_constructions;Ƚʩ;;;;;;;;;;X
no_military_constructions_desc;ûҪ;;;;;;;;;;X
yes_military_constructions_desc;ЧҪ;;;;;;;;;;X
foreign_officers;ѵ;;;;;;;;;;X
foreign_officers_l;ѵ;;;;;;;;;;X
no_foreign_officers;ʽѵ;;;;;;;;;;X
yes_foreign_officers;ʽѵ;;;;;;;;;;X
no_foreign_officers_desc;ؾָӲ;;;;;;;;;;X
yes_foreign_officers_desc;ҹ;;;;;;;;;;X
army_schools;ԺУ;;;;;;;;;;X
army_schools_l;ԺУ;;;;;;;;;;X
no_army_schools;ʱѵ;;;;;;;;;;X
yes_army_schools;½ѧУ;;;;;;;;;;X
no_army_schools_desc;սѧϰ;;;;;;;;;;X
yes_army_schools_desc;ʿս֮ǰõ˳ѵ;;;;;;;;;;X
foreign_naval_officers;;;;;;;;;;;X
foreign_naval_officers_l;;;;;;;;;;;X
no_foreign_naval_officers;ʽ;;;;;;;;;;X
yes_foreign_naval_officers;ʽ;;;;;;;;;;X
no_foreign_naval_officers_desc;غָս;;;;;;;;;;X
yes_foreign_naval_officers_desc;ЭǵĽ;;;;;;;;;;X
naval_schools;ѵ;;;;;;;;;;X
naval_schools_l;ѵ;;;;;;;;;;X
no_naval_schools;ʱѵ;;;;;;;;;;X
yes_naval_schools;ѧУ;;;;;;;;;;X
no_naval_schools_desc;ѧ;;;;;;;;;;X
yes_naval_schools_desc;ѧ;;;;;;;;;;X
foreign_navies;ͧ;;;;;;;;;;X
foreign_navies_l;ͧ;;;;;;;;;;X
no_foreign_navies;;;;;;;;;;;X
yes_foreign_navies;ս;;;;;;;;;;X
no_foreign_navies_desc;콢;;;;;;;;;;X
yes_foreign_navies_desc;ǽƵǿս;;;;;;;;;;X
cut_down_to_size_boxer;ѹȭ;;;;;;;;;;X
cut_down_to_size_boxer_desc;ǿһYҧWװҹ֧;;;;;;;;;;X
NUMBER_OF_REBELS_READY;Y׼ķ;;;;;;;;;;X
NUMBER_OF_REBELS_ACTIVE;YѾķ;;;;;;;;;;X
TECH_YEAR_MODIFIER;ʱĻ$VAL$;;;;;;;;;;X
ECONOMICREFORM_SETUP;ͨһøĸ;;;;;;;;;;X
ECONOMICREFORM_HEADER;$COUNTRY$;;;;;;;;;;X
ECONOMICREFORM_1;$COUNTRY$ͨøĸ;;;;;;;;;;X
ECONOMICREFORM_2;$MONARCHTITLE$ҹͨ;;;;;;;;;;X
ECONOMICREFORM_3;$CATEGORY$$ISSUE$;;;;;;;;;;X
ECONOMICREFORM_4;*;;;;;;;;;;X
ECONOMICREFORM_5;*;;;;;;;;;;X
ECONOMICREFORM_6;*;;;;;;;;;;X
ECONOMICREFORM_LOG;ҹͨ$CATEGORY$$ISSUE$;;;;;;;;;;X
ECONOMICREFORM_BTN1;õ;;;;;;;;;;X
ECONOMICREFORM_BTN2;õ;;;;;;;;;;X
ECONOMICREFORM_BTN3;ת;;;;;;;;;;X
ECONOMICREFORM_MAP;*;;;;;;;;;;X
ECONOMICREFORM_BAD_SETUP;һøĸ;;;;;;;;;;X
ECONOMICREFORM_BAD_HEADER;$COUNTRY$;;;;;;;;;;X
ECONOMICREFORM_BAD_1;$COUNTRY$øĸ;;;;;;;;;;X
ECONOMICREFORM_BAD_2;$MONARCHTITLE$ҹ;;;;;;;;;;X
ECONOMICREFORM_BAD_3;$CATEGORY$;;;;;;;;;;X
ECONOMICREFORM_BAD_4;$OLD$Ϊ$ISSUE$;;;;;;;;;;X
ECONOMICREFORM_BAD_5;*;;;;;;;;;;X
ECONOMICREFORM_BAD_6;*;;;;;;;;;;X
ECONOMICREFORM_BAD_LOG;ҹ$CATEGORY$$OLD$Ϊ$ISSUE$;;;;;;;;;;X
ECONOMICREFORM_BAD_BTN1;õ;;;;;;;;;;X
ECONOMICREFORM_BAD_BTN2;õ;;;;;;;;;;X
ECONOMICREFORM_BAD_BTN3;ת;;;;;;;;;;X
ECONOMICREFORM_BAD_MAP;*;;;;;;;;;;X
MILITARYREFORM_SETUP;ͨһ¸ĸ;;;;;;;;;;X
MILITARYREFORM_HEADER;$COUNTRY$;;;;;;;;;;X
MILITARYREFORM_1;$COUNTRY$ͨ¸ĸ;;;;;;;;;;X
MILITARYREFORM_2;$MONARCHTITLE$ҹͨ;;;;;;;;;;X
MILITARYREFORM_3;$CATEGORY$$ISSUE$;;;;;;;;;;X
MILITARYREFORM_4;*;;;;;;;;;;X
MILITARYREFORM_5;*;;;;;;;;;;X
MILITARYREFORM_6;*;;;;;;;;;;X
MILITARYREFORM_LOG;ҹͨ$CATEGORY$$ISSUE$;;;;;;;;;;X
MILITARYREFORM_BTN1;õ;;;;;;;;;;X
MILITARYREFORM_BTN2;õ;;;;;;;;;;X
MILITARYREFORM_BTN3;ת;;;;;;;;;;X
MILITARYREFORM_MAP;*;;;;;;;;;;X
MILITARYREFORM_BAD_SETUP;һ¸ĸ;;;;;;;;;;X
MILITARYREFORM_BAD_HEADER;$COUNTRY$;;;;;;;;;;X
MILITARYREFORM_BAD_1;$COUNTRY$¸ĸ;;;;;;;;;;X
MILITARYREFORM_BAD_2;$MONARCHTITLE$ǳ;;;;;;;;;;X
MILITARYREFORM_BAD_3;$CATEGORY$;;;;;;;;;;X
MILITARYREFORM_BAD_4;$OLD$Ϊ$ISSUE$;;;;;;;;;;X
MILITARYREFORM_BAD_5;*;;;;;;;;;;X
MILITARYREFORM_BAD_6;*;;;;;;;;;;X
MILITARYREFORM_BAD_LOG;ǳ$CATEGORY$$OLD$Ϊ$ISSUE$;;;;;;;;;;X
MILITARYREFORM_BAD_BTN1;õ;;;;;;;;;;X
MILITARYREFORM_BAD_BTN2;õ;;;;;;;;;;X
MILITARYREFORM_BAD_BTN3;ת;;;;;;;;;;X
MILITARYREFORM_BAD_MAP;*;;;;;;;;;;X
MODIFIER_CIVILIZATION_PROGRESS;;;;;;;;;;;X
SUPPRESSION_TECH;ѹЧ;;;;;;;;;;X
REFORM_RESEARCH_COST;ѿƼ㣺Y$COST$!;;;;;;;;;;X
POLITICS_CIVILIZE;;;;;;;;;;;X
CIVILIZE_DESC;ȫ̲⽫ǵõȦ쵼ȽƼ;;;;;;;;;;X
CIVILIZE_NO_MASTER_DESC;ȫ̲⽫ʹǵõȽƼ;;;;;;;;;;X
INFLUENCE_RELATION;ϵ;;;;;;;;;;X
NO_CIV_PROGRESS;ҹδȡκνչҪƶ»򾭼øĸ;;;;;;;;;;X
RESEARCH_POINTS_LABEL;о:;;;;;;;;;;X
MODIFIER_UNCIV_ECONOMIC;øĸﻨ;;;;;;;;;;X
MODIFIER_UNCIV_MILITARY;¸ĸﻨ;;;;;;;;;;X
MODIFIER_SELF_UNCIV_ECONOMIC;øĸﻨ;;;;;;;;;;X
MODIFIER_SELF_UNCIV_MILITARY;¸ĸﻨ;;;;;;;;;;X
MODIFIER_LAND_UNIT_START_EXPERIENCE;½ʼ;;;;;;;;;;X
MODIFIER_NAVAL_UNIT_START_EXPERIENCE;ʼ;;;;;;;;;;X
MODIFIER_ADMINISTRATIVE_EFFICIENCY;Ч;;;;;;;;;;X
ARMY_TECHNOLOGY_LEVELS;½Ƽ$VAL$/$MAX$;;;;;;;;;;X
NAVY_TECHNOLOGY_LEVELS;Ƽ$VAL$/$MAX$;;;;;;;;;;X
MODIFIER_TARIFF_EFFICIENCY;˰Ч;;;;;;;;;;X
MODIFIER_MAX_LOAN_AMOUNT;ߴ;;;;;;;;;;X
PROD_YOUR_CURRENT_BUDGET;ڵԤ:;;;;;;;;;;X
PROD_YOUR_INVESTMENT;Ͷ:;;;;;;;;;;X
MODIFIER_LAND_ATTACK;½;;;;;;;;;;X
MODIFIER_NAVAL_ATTACK;;;;;;;;;;;X
MODIFIER_LAND_DEFENSE;½;;;;;;;;;;X
MODIFIER_NAVAL_DEFENSE;;;;;;;;;;;X
free_press_promised;ŵ;;;;;;;;;;X
yes_meeting_promised;ŵ;;;;;;;;;;X
trade_unions_promised;ŵ;;;;;;;;;;X
free_press_promised_desc;ŵǳɣϣǾʵŵԡ;;;;;;;;;;X
yes_meeting_promised_desc;ŵǼɣϣǾʵŵԡ;;;;;;;;;;X
trade_unions_promised_desc;ŵǽᣬϣǾʵŵԡ;;;;;;;;;;X
recent_safari;֮;;;;;;;;;;X
recent_safari2;֮;;;;;;;;;;X
recent_safari_desc;й֮;;;;;;;;;;X
recent_safari2_desc;̫֮;;;;;;;;;;X
unciv_reactionary_rebels_title;;;;;;;;;;;X
unciv_reactionary_rebels_name;$COUNTRY_ADJ$;;;;;;;;;;X
unciv_reactionary_rebels_desc;ҪԶܾϰߡ;;;;;;;;;;X
unciv_reactionary_rebels_army;$COUNTRY_ADJ$Ѿ;;;;;;;;;;X
SET_ECONOMIC_REFORM_EFFECT;ѡеľøĸY$NAME$W\n;;;;;;;;;;X
SET_MILITARY_REFORM_EFFECT;ѡеľ¸ĸY$NAME$W\n;;;;;;;;;;X
NATIONALIZE_INDUSTRY_EFFECT;廯;;;;;;;;;;X
DIPLOMACY_ALMOST_WESTERN_NATION_STATUS;;;;;;;;;;;X
DIPLOMACY_PRIMITIVENATION_STATUS;ԭʼ;;;;;;;;;;X
UNCIV_CANT_RESEARCH;ſоƼ;;;;;;;;;;X
TB_NATIONALFOCUS_CULTURE;Y$NUM$W򱻽ȺǧY$FOCUS$Wҽ;;;;;;;;;;X
meiji_restoration_boost;ά;;;;;;;;;;X
meiji_restoration_boost_desc;֮ά£;;;;;;;;;;X
OTHER_PORT;ǲܽ;;;;;;;;;;X
MODIFIER_UNCIV_ECONOMIC_UH;Ժ֧;;;;;;;;;;X
MODIFIER_UNCIV_MILITARY_UH;Ժ֧;;;;;;;;;;X
MOVEMENT_RADICALISM_ADJUST;Y$MOVEMENT$!̶ȣ$AMOUNT$;;;;;;;;;;X
MILITARY_REFORM_COST_DESC;¸ĸĻ;;;;;;;;;;X
ECONOMIC_REFORM_COST_DESC;øĸĻ;;;;;;;;;;X
MAPMODE_19;̶;;;;;;;;;;X
CHI_absolute_monarchy;쳯;;;;;;;;;;X
EVTOPTB23212;!;;;;;;;;;;X
LOSE_CIVILIZED_EFFECT;ҹΪǧYδҧW\n;;;;;;;;;;X
french_growth_nerf;˿½:;;;;;;;;;;X
french_growth_nerf_desc;ҹ˿½:;;;;;;;;;;X
EVTNAME37226;˿½;;;;;;;;;;X
EVTDESC37226;ںܳһʱŷ˿Ĺҡ1920͵Ĵʱ˿ڳ˳Ծõ͡ԭвȷάʱĩڣ˿Ѿ˹¹Ӣ;;;;;;;;;;X
EVTOPTA37226;ܴĴ!;;;;;;;;;;X
nationalize_title;!;;;;;;;;;;X
nationalize_desc;Щ๷ҲܰҹѪԷˣΪ˹ҵ棬û˲ƲʱѾˣ;;;;;;;;;;X
EVTNAME90950;ûʲ;;;;;;;;;;X
EVTDESC90950;$FROMCOUNTRY$ûǵͶʣչУ;;;;;;;;;;X
EVTOPTA90950;ܣ;;;;;;;;;;X
EVTOPTB90950;ȥ;;;;;;;;;;X
MOVEMENT_RADICALISM;˶̶;;;;;;;;;;X
MOVEMENT_RADICALISM_DESC;ⷴӳ֧˶жανǵԸֵߵ˶Y100!ݱΪһ壬ûеõʱѹĻ;;;;;;;;;;X
NUMBER_MOVEMENT_SUPPORTERS;֧;;;;;;;;;;X
NUMBER_MOVEMENT_SUPPORTERS_DESC;˶ģԽԽԱѹͨһֶ֧ȵ͵ĸĸӵиֶ֧ȵ˶ø;;;;;;;;;;X
PRODUCTION_CLOSE_FACTORY_BECAUSE_FOREIGN_TOOLTIP;ܹر\n;;;;;;;;;;X
CAN_NATIONALIZE;Ͷ;;;;;;;;;;X
IS_NOT_IN_A_SPHERE;Χ;;;;;;;;;;X
ACTIVATE_TECH_EFFECT;ѻõĿƼY$NAME$!;;;;;;;;;;X
TECHNOLOGYVIEW_NO_RESEARCH_UNCIV_TOOLTIP;ֻпҲо߼ƼͨڧY!иĸԻûƼʼо;;;;;;;;;;X
RELATION_BETWEEN;$COUNTRY1$$COUNTRY2$Ĺϵ$RELATION$;;;;;;;;;;X
ADD_RELATIVE_INCOME_EFFECT;⣺$VALUE$;;;;;;;;;;X
CORRUPTION_LESS_THAN;̰;;;;;;;;;;X
CORRUPTION_MORE_THAN;̰۶;;;;;;;;;;X
MOVEMENT_RADICALISM_FROM_SIZE;֧֣$VAL$;;;;;;;;;;X
dar_al_funun;ӢѧУ;;;;;;;;;;X
dar_al_funun_desc;˹ĵһִѧ;;;;;;;;;;X
BOL_2305;;;;;;;;;;;X
BOL_2314;;;;;;;;;;;X
serfdom_not_abolished;ũūδϳ:;;;;;;;;;;X
XIN;½;;;;;;;;;;X
YNN;;;;;;;;;;;X
GXI;;;;;;;;;;;X
MCK;;;;;;;;;;;X
LEADERSHIP;쵼;;;;;;;;;;X
XBI;;;;;;;;;;;X
EVTNAME23213;ɽ;;;;;;;;;;X
EVTDESC23213;ϼ̽վĳЩΪµĶھ޴γżǷһЩֲĹƺԶʱͳιǳԱļ;;;;;;;;;;X
EVTOPTA23213;ƺ;;;;;;;;;;X
