EVTNAME5002;˹̹;;;;;;;;;;X
EVTDESC5002;˹ٵ˹̹ʿμôܶʱڱԴ˶1892ģΪһôһҵֲĽ;;;;;;;;;;X
EVTOPTA5002;ܻῪʼС;;;;;;;;;;X
EVTNAME5001;籭;;;;;;;;;;X
EVTDESC5001;ովٰ˵һ籭ȡ˻Ի͵ĳɹȻܶŷ޹ûв룬Ȼһΰʢ硣Ҫǣ4-2սʤ͢;;;;;;;;;;X
EVTOPTA5001;ҫ磡;;;;;;;;;;X
EVTNAME5000;һܱ;;;;;;;;;;X
EVTDESC5000;һҵıһܱʼ׶صĿ򳡡һԾĽǣ߶10սʤʼҶӻ˹ھ;;;;;;;;;;X
EVTOPTA5000;ǻϲģ;;;;;;;;;;X
DEFINE_ADMIRAL_EFFECT;Y$NAME$ϽWΪ$PER$$BAC$\n;;;;;;;;;;X
DEFINE_GENERAL_EFFECT;Y$NAME$WΪ$PER$$BAC$\n;;;;;;;;;;X
DO_NOT_HAVE_TECH_TRI;δY$TECH$W\n;;;;;;;;;;X
HAVE_TECH_TRI;ѷY$TECH$W\n;;;;;;;;;;X
NO_RAIL_YET;Ǹ֪ô·ʱ޷·衣;;;;;;;;;;X
NOT_DISC_THESE_YET;޷δĹҵ;;;;;;;;;;X
WAR_WE_ACCEPT_HEADER;౨;;;;;;;;;;X
WAR_WE_ACCEPT_1;ս;;;;;;;;;;X
WAR_WE_ACCEPT_2;$MONARCHTITLE$$BADWORD$ҹˣ;;;;;;;;;;X
WAR_WE_ACCEPT_3;$AGRESSOR$ս;;;;;;;;;;X
WAR_WE_ACCEPT_4;׼ս;;;;;;;;;;X
WAR_WE_ACCEPT_5;*;;;;;;;;;;X
WAR_WE_ACCEPT_6;*;;;;;;;;;;X
WAR_WE_ACCEPT_LOG;$AGRESSOR$սˣ;;;;;;;;;;X
WAR_WE_ACCEPT_BTN1;õ;;;;;;;;;;X
WAR_WE_ACCEPT_BTN2;õ;;;;;;;;;;X
WAR_WE_ACCEPT_BTN3;ת;;;;;;;;;;X
WAR_WE_ACCEPT_MAP;ս;;;;;;;;;;X
WAR_OTHER_ACCEPT_SETUP;ĳһս;;;;;;;;;;X
WAR_OTHER_ACCEPT_HEADER;౨;;;;;;;;;;X
WAR_OTHER_ACCEPT_1;$AGRESSOR$;;;;;;;;;;X
WAR_OTHER_ACCEPT_2;$MONARCHTITLE$$AGRESSOR$;;;;;;;;;;X
WAR_OTHER_ACCEPT_3;ս;;;;;;;;;;X
WAR_OTHER_ACCEPT_4;ǵµ;;;;;;;;;;X
WAR_OTHER_ACCEPT_5;$DEFENDER$;;;;;;;;;;X
WAR_OTHER_ACCEPT_6;*;;;;;;;;;;X
WAR_OTHER_ACCEPT_LOG;$AGRESSOR$$DEFENDER$սˡ;;;;;;;;;;X
WAR_OTHER_ACCEPT_BTN1;õ;;;;;;;;;;X
WAR_OTHER_ACCEPT_BTN2;õ;;;;;;;;;;X
WAR_OTHER_ACCEPT_BTN3;ת;;;;;;;;;;X
DECLWAR_LIMITED;һս;;;;;;;;;;X
WAR_THEY_ACCEPT_SETUP;ҹս;;;;;;;;;;X
WAR_THEY_ACCEPT_HEADER;౨;;;;;;;;;;X
WAR_THEY_ACCEPT_1;ǵս;;;;;;;;;;X
WAR_THEY_ACCEPT_2;$DEFENDER$;;;;;;;;;;X
WAR_THEY_ACCEPT_3;*;;;;;;;;;;X
WAR_THEY_ACCEPT_4;*;;;;;;;;;;X
WAR_THEY_ACCEPT_5;*;;;;;;;;;;X
WAR_THEY_ACCEPT_6;*;;;;;;;;;;X
WAR_THEY_ACCEPT_LOG;$DEFENDER$սˡ;;;;;;;;;;X
WAR_THEY_ACCEPT_BTN1;õ;;;;;;;;;;X
WAR_THEY_ACCEPT_BTN2;õ;;;;;;;;;;X
WAR_THEY_ACCEPT_BTN3;ת;;;;;;;;;;X
WAR_THEY_ACCEPT_MAP;ս;;;;;;;;;;X
LOSE_CORE_EFFECT_2;$WHO$ʧȥ$LOSE$ĺ\n;;;;;;;;;;X
INFRA_LEVEL_HERE;ʩˮƽΪY$VAL$%W;;;;;;;;;;X
fascist_group;˹;;;;;;;;;;X
conservative_group;ؼ;;;;;;;;;;X
socialist_group;弰;;;;;;;;;;X
liberal_group;弰;;;;;;;;;;X
COALITION_WIN;Y$IDE$WͶƱл$VAL$%ֶ֧ȣ齨;;;;;;;;;;X
COLONY_SUCCESS_SETUP;ҹɹֳһ;;;;;;;;;;X
COLONY_FAIL_SETUP;ҹֳһʧ;;;;;;;;;;X
TOPBAR_INC_SPEED;ӿٶ;;;;;;;;;;X
REMOVE_TOPBAR_DEC_SPEED;;;;;;;;;;;X
TOPBAR_CLOSE_OUTLINER;رտ;;;;;;;;;;X
TOPBAR_OPEN_OUTLINER;򿪿;;;;;;;;;;X
SLOWEST_SPEED;;;;;;;;;;;X
SLOW_SPEED;;;;;;;;;;;X
NORMAL_SPEED;ͨ;;;;;;;;;;X
FAST_SPEED;;;;;;;;;;;X
FASTEST_SPEED;;;;;;;;;;;X
TOPBAR_DATE;Ŀǰʱ\nͣ;;;;;;;;;;X
TOPBAR_DATE_IS_PAUSED;Ŀǰʱ\nȡͣ;;;;;;;;;;X
TOPBAR_PAUSE_INDICATOR;Ϸͣ;;;;;;;;;;X
TOPBAR_SPEED_INDICATOR;ĿǰϷٶȣY$SPEED$W;;;;;;;;;;X
PLAYER_COUNTRY_TOPBAR_RANK;$NAME$ǧY$RANK$W;;;;;;;;;;X
HAS_TECH_SCHOOL;ǰY$TECH$W\n;;;;;;;;;;X
HAS_NOT_TECH_SCHOOL;ܧY$TECH$W\n;;;;;;;;;;X
NEW_CORE_EFFECT_TAG;$TAG$çYʡݧWĺ\n;;;;;;;;;;X
ANY_OWNED_LIMITED;зʡ\n;;;;;;;;;;X
TECH_MINE_SIZE;󾮹ģ;;;;;;;;;;X
TECH_FARM_SIZE;ũģ;;;;;;;;;;X
USA_absolute_monarchy;;;;;;;;;;;X
USA_absolute_monarchy_ADJ;;;;;;;;;;;X
USA_hms_government;;;;;;;;;;;X
USA_hms_government_ADJ;;;;;;;;;;;X
USA_proletarian_dictatorship;񹲺͹;;;;;;;;;;X
USA_proletarian_dictatorship_ADJ;;;;;;;;;;;X
ENG_proletarian_dictatorship;˹͹;;;;;;;;;;X
ENG_proletarian_dictatorship_ADJ;Ӣ;;;;;;;;;;X
BOH_democracy;ݿ˹͹;;;;;;;;;;X
BOH_democracy_ADJ;ݿ˵;;;;;;;;;;X
TUR_democracy;;;;;;;;;;;X
TUR_democracy_ADJ;;;;;;;;;;;X
KUK_democracy;;;;;;;;;;;X
KUK_democracy_ADJ;觵;;;;;;;;;;X
BAV_proletarian_dictatorship;ͷά͹;;;;;;;;;;X
RUS_proletarian_dictatorship;ά;;;;;;;;;;X
RUS_proletarian_dictatorship_ADJ;;;;;;;;;;;X
NO_TECH_SELECTED;δѡ;;;;;;;;;;X
IS_CIVILIZED;ǿ;;;;;;;;;;X
IS_NOT_CIVILIZED;δ;;;;;;;;;;X
IS_INDEP;δӰ;;;;;;;;;;X
IS_NOT_INDEP;Ӱ;;;;;;;;;;X
ELECTION_INFO_IN_GOV;ѡٽ;;;;;;;;;;X
REGIMENT_POP_NAME;$POP$$NUM$$TYPE$;;;;;;;;;;X
REGIMENT_HOME_NAME;$HOME$$NUM$$TYPE$;;;;;;;;;;X
SUBUNIT_POP;ԧY$LOCATION$WħY$CULTURE$W$TYPE$;;;;;;;;;;X
army_tech_research_bonus;½Ƽо;;;;;;;;;;X
commerce_tech_research_bonus;ҵƼо;;;;;;;;;;X
culture_tech_research_bonus;ĻƼо;;;;;;;;;;X
industry_tech_research_bonus;ҵƼо;;;;;;;;;;X
navy_tech_research_bonus;Ƽо;;;;;;;;;;X
THERE_ARE_BACKING;Y$VAL$WҪĸ;;;;;;;;;;X
ORG_EXPLANATION_TT;ֵԽߣ屩Խҡ;;;;;;;;;;X
COLONIAL_MIGRATION_TECH;ֳǨ;;;;;;;;;;X
COMBAT_WIDTH_TECH;ս;;;;;;;;;;X
PLURALITY_EXPLANATION;Ԫָҹľѳ̶ȡֻɹʧܵľȥȡǸΪɵĶ;;;;;;;;;;X
REMOVE_REVANCHISM_EXPLANATION;ʻԴڷ𡱣ָûЩԭǵءǵԸΪ˴Ŀ긶;;;;;;;;;;X
GAIN_PROVINCE;ӧY$WHO$WȡçY$WHERE$W\n;;;;;;;;;;X
build_kiel_canal_title;˺;;;;;;;;;;X
build_kiel_canal_desc;ڲ޵ĺͱ֮佨һ˺ӶǵĻżذǻþս塣;;;;;;;;;;X
build_suez_canal_title;ʿ˺;;;;;;;;;;X
build_suez_canal_desc;Զӡĺһֱһ޴⣬Ҫƹ޺ǲִܵǱߡʿ˺ӣǽͨ޵ḷ́⽫һΰִ̡;;;;;;;;;;X
build_panama_canal_title;˺;;;;;;;;;;X
build_panama_canal_desc;˺ӵĽ׷ݵƬһαֵʱ̣ϱ޾Ϊִѧｨһ˺ӣܹ̫ƽĺ졣;;;;;;;;;;X
REVANCHISM_LOWER;СڧY$VAL$W\n;;;;;;;;;;X
REVANSCHISM_ATLEAST;ڧY$VAL$W\n;;;;;;;;;;X
CANAL_1;˺;;;;;;;;;;X
CANAL_2;ʿ˺;;;;;;;;;;X
CANAL_3;˺;;;;;;;;;;X
ENABLE_CANAL;Y$NAME$W\n;;;;;;;;;;X
CANAL_NOT_ENABLED;Y$NAME$Wδ;;;;;;;;;;X
CANAL_ENABLED;Y$NAME$WѴ;;;;;;;;;;X
ADMINISTRATIVE_TAX_EFFICIENCY;˰ЧʣY$VALUE$W%;;;;;;;;;;X
AVG_MIL_ON_MAP;ƽԣY$VALUE$W;;;;;;;;;;X
POP_PRODUCED;죺Y$VAL$W;;;;;;;;;;X
POP_SOLD;ۣY$VAL$W;;;;;;;;;;X
POP_SOLD_DOMESTIC;ۣڣY$VAL$W;;;;;;;;;;X
POP_SOLD_EXPORT;ۣڣY$VAL$W;;;;;;;;;;X
POP_WANT_BOUGHT;򣺧Y$VAL$W;;;;;;;;;;X
POP_WANT_BUY;󣺧Y$VAL$W;;;;;;;;;;X
POP_WANT_AFFORD;Y$VAL$W;;;;;;;;;;X
POP_PRODUCER_MARKET;;;;;;;;;;;X
POP_WORLD_MARKET;YȫгW;;;;;;;;;;X
OR_TRIG_SHORT;;;;;;;;;;;X
GENERAL;;;;;;;;;;;X
ADMIRAL;Ͻ;;;;;;;;;;X
CURR_COMB_STR;бΪ;;;;;;;;;;X
CURR_COMB_ORG;֯Ϊ;;;;;;;;;;X
UW_ASSIGN;Զ;;;;;;;;;;X
RANK_PRESTIGE;;;;;;;;;;;X
RANK_PRESTIGE_D;Ļķչ𽥻ۡ;;;;;;;;;;X
RANK_INDUSTRY;ҵ;;;;;;;;;;X
RANK_INDUSTRY_D;ҵ۴Ĺҵ̶ȣڵĹƷֵ;;;;;;;;;;X
RANK_MILITARY;;;;;;;;;;;X
RANK_MILITARY_D;ָľľӹģװˮƽ;;;;;;;;;;X
RANK_TOTAL_D;˸ߵĹұ֮ΪYǿWӰͿʵϲĹҡʵİ˸ұ֮ΪYǿWֳضʱҲսǿʵĹҸ񣬷ΪYҧWͧYδҧW;;;;;;;;;;X
TYPE_SPECIAL;;;;;;;;;;;X
COVIEW_ORG_VALUE;֯ˮƽ;;;;;;;;;;X
COVIEW_STR_NAVAL;ӽֻ;;;;;;;;;;X
COVIEW_STR_LAND;һսʿ;;;;;;;;;;X
MAY_NOT_RETREAT;ǲܵģҲǲٵģͼ˵ʱ˲;;;;;;;;;;X
COMBAT_DICE;׶һۼ;;;;;;;;;;X
COMBAT_TERRAIN;γͷ;;;;;;;;;;X
COMBAT_CROSSING;ǿɺ̲½Թ൱;;;;;;;;;;X
COMBAT_DIGIN;걸սϵͳԹ൱;;;;;;;;;;X
PRODUCTION_COST_BUILD;ɱY$VAL$W;;;;;;;;;;X
PRODUCTION_COST_INPUT;ͶɱY$VAL$W;;;;;;;;;;X
PRODUCTION_NO_PROJECT;ûмƻ;;;;;;;;;;X
PRODUCTION_PROJECT_MONEY;üƻѻçY$MONEY$WüƻҪY$NEED$W;;;;;;;;;;X
WAR_HAS_COMPLETE_VICTORY;ȫʤ;;;;;;;;;;X
DIPLOMACY_CAN_INTERVENE;ս;;;;;;;;;;X
DIPLOMACY_CANNOT_INTERVENE;ս\nǲܼһΪ;;;;;;;;;;X
DIPLOMACY_OPINION_INFLUENCE;Y$GP$WۣY$OPINION$W;;;;;;;;;;X
DIPLOMACY_OPINION_INFLUENCE2;Y$GP_ADJ$WӰY$VALUE$W;;;;;;;;;;X
DIPLOMACY_SET_PRIO_DESC;ӰһYǿWҾߵӰ;;;;;;;;;;X
DIPLOMACY_PRIMARYCULTURE_DESC;˭ǹҵһȹ;;;;;;;;;;X
DIPLOMACY_ACCEPTEDCULTURE_DESC;ָҹܽܵ;;;;;;;;;;X
PROJECT_BUILD;;;;;;;;;;;X
PROJECT_REOPEN;ؿ;;;;;;;;;;X
PROJECT_EXPAND;;;;;;;;;;;X
EVTNAME22500;б;;;;;;;;;;X
EVTDESC22500;$COUNTRY$һ죬$CAPITAL$ĽΪͶĭĳ𾪡ز۸ڹȥһڷǣһЩʿξ˵ѾͨͶڲȻĸλţеȴһоšڲѾҪǿкͻҼܵҪⳡνҧʽʱʧܡ;;;;;;;;;;X
EVTOPTA22500;ܣ˰⣡ֻţ;;;;;;;;;;X
EVTOPTB22500;ƽԤ㣬ɼܣȫͨ;;;;;;;;;;X
stock_market_crash;б;;;;;;;;;;X
stock_market_crash_desc;ҹܵбӰ졣;;;;;;;;;;X
great_depression;;;;;;;;;;;X
great_depression_desc;ĳǿһιƱгһδ綼ܵӰ졣;;;;;;;;;;X
EVTNAME22510;;;;;;;;;;;X
EVTDESC22510;$CAPITAL$еĴѾݻΪһص̬ҵĵֱ½´ңҪȡǵıԽԽкŴգ$COUNTRY_ADJ$ҵγ˶ŵЧӦΥԼΪУճķΧܿɢ˽Ӫҵšҵڼһҹ֮ͱˣɴʧҵ羭õĽϵⳡΣþɢңΣɵӰصʷ$YEAR$;;;;;;;;;;X
EVTOPTA22510;ֻǶΣⲻܹ˭;;;;;;;;;;X
EVTNAME22520;ƶ;;;;;;;;;;X
EVTDESC22520;$COUNTRY$޷ɶ˽еΪԼһЩ˽˻ڷԼĻҡȻ˵ͨõĴ̫Ҫܽ˽ӪűܣҹһķչȴȻͬлĴڶܹѡǮ˽εС;;;;;;;;;;X
EVTOPTA22520;ֻʼջбĿܣʱô죿;;;;;;;;;;X
EVTOPTB22520;ֻҪǸˣû⡣;;;;;;;;;;X
EVTNAME22530;ԵĹɷ·;;;;;;;;;;X
EVTDESC22530;ҹһ³·˾ѾڲƱΪ䲻׳ҵʣѰʡڵҺͶߡ˾ϯִйѾ򵱵μչ棬ϣܷΪ˾ĹƱа֣ǿʡ·ǾӦõõֵġΪΥ˽˴ҵԭһЩΪǷչĻ;;;;;;;;;;X
EVTOPTA22530;ǵȻʩԮ֣ҪִٽЩ˽Ӫҵ߳ɫĻԡ;;;;;;;;;;X
EVTOPTB22530;ΪܵԽԽá;;;;;;;;;;X
institute_central_bank_title;з;;;;;;;;;;X
institute_central_bank_desc;еѾһʱ䣬񾭼ñгҪȨչϸ¢ϵȨ֧˵ھõȶУǶóԭַ;;;;;;;;;;X
central_bank_established;;;;;;;;;;;X
central_bank_established_desc;ϸ¢Ȩ;;;;;;;;;;X
EVTNAME22540;Ʊ;;;;;;;;;;X
EVTDESC22540;9.5ļ۸벮˹9.76ļ۸ɣ˹8.12ۣۣ\n\nĳʡݵı˳һҺʹ˾ԽһҪƷó׵ĵԹƱҵɽߵصЧʣ;;;;;;;;;;X
EVTOPTA22540;Ϣ;;;;;;;;;;X
local_stock_exchange;Ʊ;;;;;;;;;;X
local_stock_exchange_desc;ʡһƱ˵صĻ;;;;;;;;;;X
EVTNAME22550;ĳƱ;;;;;;;;;;X
EVTDESC22550;бһҵз˹ģԶʲĻңݽ췢мҡѾҺ棬ƶȵķԴҪҵʵʩϸļܣҵó˵Դ˼ԡ;;;;;;;;;;X
EVTOPTA22550;ƶó׵Ļʯ;;;;;;;;;;X
EVTOPTB22550;ҵľ߲ܱͶߵ쿪ڲ;;;;;;;;;;X
EVTNAME22560;÷;;;;;;;;;;X
EVTDESC22560;±ĽͳڵĵʧҵʣҹѽһøٷչʱڡߴʺڴµϴͶкȽľֶΣǴһǰδеĴþԷչ幤ҵҹôһµĸ߶ȡ;;;;;;;;;;X
EVTOPTA22560;̫ˣ;;;;;;;;;;X
EVTOPTB22560;ҪƽطЩƸ;;;;;;;;;;X
economic_boom;÷;;;;;;;;;;X
economic_boom_desc;ڸͶкͳڵĵʧҵʣҹڸٷչ;;;;;;;;;;X
EVTNAME22570;콢˾Ʋ;;;;;;;;;;X
EVTDESC22570;ڳڸծӪ֮ҹһһҴ˾ƲˡμԸҪҹ˾ƵͳֻʱģֻҪһʱкϲ͸Ľҹ˾վȻǿʩԮڵȴóԭԭĻַ;;;;;;;;;;X
EVTOPTA22570;ȻǱҹ˾ȹʱڡ;;;;;;;;;;X
EVTOPTB22570;ǲǮȥһ˽˹˾;;;;;;;;;;X
EVTNAME22580;·˹ع⣡;;;;;;;;;;X
EVTDESC22580;$COUNTRY$˹ίԱعν·˹ֵ÷зʱ˵Щ˵ʮֻǼûݼ۸ʵҲûм۸¢Ϸ˽׼˶Դ˷ǳŭǿҸܵʱͨݺѹե׾ݵ档ɢ˹ص·赹꣬ôҲᵼ¼ŭײڡ;;;;;;;;;;X
EVTOPTA22580;Ҫݵгϧ۱Ͷߵ档;;;;;;;;;;X
EVTOPTB22580;κʽĶóɵַȡ;;;;;;;;;;X
BUDGET_GOLD_INCOME_DESC;;;;;;;;;;;X
TOTAL_TAX_EFFICIENCY;˰ʣY$VAL$W;;;;;;;;;;X
TOTAL_TAX_EFFICIENCY_BASED;Ԥ룺;;;;;;;;;;X
TAX_POOR_DESC;ƶײҪ˰ڳص˰ܵû㹻Ǯ;;;;;;;;;;X
TAX_MIDDLE_DESC;вײҪ˰ߵ˰ʻᵼû㹻ǮƷҵϡ;;;;;;;;;;X
TAX_RICH_DESC;˸ԣײҪ˰̫ߵ˰ʹû㹻ǮѺͶʽ;;;;;;;;;;X
MIL_COST_DESC;ӲƷѡ;;;;;;;;;;X
NAT_STOCK_DESC;ִ֧ڹҴ;;;;;;;;;;X
IND_SUP_DESC;ṩ͹ֽ𴢱ڰʺ֧ʡ;;;;;;;;;;X
TARIFFS_DESC;˰Խڻһֶ˰գ뽫⡣˰ΪζĹڻʱԻò;;;;;;;;;;X
WARSUBSIDIES_EXPENSE;սR$VAL$W;;;;;;;;;;X
WARINDEMNITIES_EXPENSE;սR$VAL$W;;;;;;;;;;X
WARSUBSIDIES_INCOME;սG$VAL$W;;;;;;;;;;X
WARINDEMNITIES_INCOME;սG$VAL$W;;;;;;;;;;X
REMOVE_BUDGET_DIPL_DESC;⽻ص֧;;;;;;;;;;X
sami;;;;;;;;;;;X
pan_romanian;;;;;;;;;;;X
MODIFIER_MOBILISED;Ա$VALUE$;;;;;;;;;;X
MODIFIER_OVERSEAS;ͷ$VALUE$;;;;;;;;;;X
TRADE_OVERSEAS_NEED;$VAL$λԺʡ\n;;;;;;;;;;X
BUDGET_OVERSEAS;ά;;;;;;;;;;X
BUDGET_DIPL_DESC;⽻ƽЭ֧;;;;;;;;;;X
POP_DETAILS_INTERNAL_MIGRATION;;;;;;;;;;;X
POP_DETAILS_EXTERNAL_MIGRATION;;;;;;;;;;;X
POP_DETAILS_COLONIAL_MIGRATION;ֳ;;;;;;;;;;X
PRODUCTION_OUTPUT_YESTERDAY;ղY$VALUE$W;;;;;;;;;;X
PRODUCTION_OUTPUT_GOODS_TOOLTIP2;Y$CURR$W;;;;;;;;;;X
PRODUCTION_CURRENT_STOCKPILE;дY$VALUE$W;;;;;;;;;;X
POP_DAILY_INTEREST;ϢY$VAL$W;;;;;;;;;;X
MODIFIER_OVERSEAS_PRODUCTION_PENALTY;⹤ԭϲسͷ$VALUE$;;;;;;;;;;X
PRODUCTION_FACTORY_EMPLOYEECOUNT_TOOLTIP2;йԱ$EMPLOYEES$/$EMPLOYEE_MAX$;;;;;;;;;;X
LIFERATING_EFFECT;$DIRECTION$$VALUE$\n;;;;;;;;;;X
MILITARY_ARMY_COUNT_TOOLTIP;½Y$VALUE$W;;;;;;;;;;X
MILITARY_NAVY_COUNT_TOOLTIP;Y$VALUE$W;;;;;;;;;;X
MILITARY_ARMY_CONSTRUCTION_TOOLTIP;ڽãY$VALUE$W;;;;;;;;;;X
MILITARY_NAVY_CONSTRUCTION_TOOLTIP;ڽĽY$VALUE$W;;;;;;;;;;X
MILITARY_SORT_BY_TYPE_TOOLTIP;쵼;;;;;;;;;;X
MILITARY_SORT_BY_NAME_TOOLTIP;;;;;;;;;;;X
MILITARY_SORT_BY_ASSIGNMENT_TOOLTIP;;;;;;;;;;;X
MILITARY_SORT_BY_STRENGTH_TOOLTIP;;;;;;;;;;;X
MILITARY_SORT_ASSIGNMENT;;;;;;;;;;;X
MILITARY_BACKGROUND;Y$NAME$W;;;;;;;;;;X
MILITARY_PERSONALITY;ԣY$NAME$W;;;;;;;;;;X
REMOVE_MILITARY_LEADER_NAME_TOOLTIP;Y$NAME$WָY$ARMY$W\nĿǰλڧY$$LOCATIONW;;;;;;;;;;X
MILITARY_STRENGTH_TOOLTIP2;λΪY$PERCENT$%W\n$VALUE$/Y$MAX$W;;;;;;;;;;X
MILITARY_SHIPSTRENGTH_TOOLTIP2;λΪY$PERCENT$%W;;;;;;;;;;X
MILITARY_REGIMENTS_TOOLTIP;õY$VALUE$W;;;;;;;;;;X
MILITARY_SHIPS_TOOLTIP;Y$VALUE$W;;;;;;;;;;X
MILITARY_CURRENT_LOCATION;λãY$LOC$W;;;;;;;;;;X
REMOVE_MILITARY_MOBILIZE;Աǵ;;;;;;;;;;X
REMOVE_MILITARY_MOBILIZE_DESC;б붯Ա;;;;;;;;;;X
REMOVE_MILITARY_DEMOBILIZE;ȡԱ;;;;;;;;;;X
REMOVE_MILITARY_DEMOBILIZE_DESC;бȡ;;;;;;;;;;X
MILITARY_WAR_EXHAUSTION;ս;;;;;;;;;;X
MILITARY_SUPPLY_CONSUMPTION;;;;;;;;;;;X
MILITARY_ORG_REGAIN;֯Ȼָ;;;;;;;;;;X
MILITARY_ARMY_ORG;½֯;;;;;;;;;;X
MILITARY_NAVY_ORG;֯;;;;;;;;;;X
MILITARY_UNIT_EXPERIENCE;ʼ;;;;;;;;;;X
MILITARY_RECRUIT_TIME;齨ʱ;;;;;;;;;;X
MILITARY_COMBAT_WIDTH;ս;;;;;;;;;;X
COMWID_BASE;ֵY$VAL$W;;;;;;;;;;X
MILITARY_WAR_EXHAUSTION_TOOLTIP;սȣ$VALUE$;;;;;;;;;;X
MILITARY_MAX_WAR_EXHAUSTION_TOOLTIP;սȣ$VALUE$;;;;;;;;;;X
MILITARY_BASEVALUE_PERCENT;ֵY100%W;;;;;;;;;;X
MILITARY_BASEVALUE;ֵY0.00W;;;;;;;;;;X
AVAILABLE_EXPORTS;г$VAL$;;;;;;;;;;X
MILITARY_BUILD_UNIT_TOOLTIP;ڧY$LOC$WY$NAME$W;;;;;;;;;;X
MILITARY_CANCEL_BUILD_UNIT_TOOLTIP;ȡڧY$LOC$WħY$NAME$W;;;;;;;;;;X
traditional_academic;ͳѧ;;;;;;;;;;X
army_tech_school;;;;;;;;;;;X
naval_tech_school;Ȩ̴;;;;;;;;;;X
industrial_tech_school;Źҵ;;;;;;;;;;X
culture_tech_school;ǰ֪ʶ;;;;;;;;;;X
commerce_tech_school;ѧԺʱ;;;;;;;;;;X
prussian_tech_school;ݿˡ½²;;;;;;;;;;X
EVTNAME14730;ֳͬ;;;;;;;;;;X
EVTDESC14730;ӷ$COUNTRY$ֳصһз壬ǻȵط֣Զҹߵĵط$COUNTRY_ADJ$Ѿ͵ԡıɱĴʡ죬ҪϢ$COUNTRY$ֳֹͣ$COUNTRY_ADJ$Ѿ齨һֳͬˡȻڱֳض֪ʶ쵼ܾıȴͬϵܡ;;;;;;;;;;X
EVTOPTA14730;ͬ;;;;;;;;;;X
EVTOPTB14730;ͬ;;;;;;;;;;X
EVTOPTC14730;֧ͬ;;;;;;;;;;X
EVTNAME14740;ģֳ;;;;;;;;;;X
EVTDESC14740;ŷ޹ֳң$COUNTRY$ҲѶáһ$COUNTRY_ADJ$ֳڹȥΪ繫ϵŷֳصĵ䷶ֳõֳ飬Ϊ$COUNTRY_ADJ$ѧоṩ൱棬ŷ޵͹͢д˹Ե;;;;;;;;;;X
EVTOPTA14740;ǳã;;;;;;;;;;X
EVTNAME14750;ֳߵı;;;;;;;;;;X
EVTDESC14750;ȻҾλΪԵİͬţԲòǲֳſ֧ĶֳߵĻʯֵΪ֮Ͷ뾭ѡһԺչֳֳ$COUNTRY$л⡣ҰԱֳŵԤ㣬Ǻʹ󲿷ԺԱԺ˴ģͼȰ˵ҡڲѡٷµѡ֧ǵߡ;;;;;;;;;;X
EVTOPTA14750;ܱɵĹ۵;;;;;;;;;;X
EVTOPTB14750;ɵĹ۵;;;;;;;;;;X
EVTNAME14760;ֳصĸ;;;;;;;;;;X
EVTDESC14760;һ𽥸ˮ$COUNTRY_ADJ$ֳظܳ$CAPITAL$һҴͱ翯ǵıϸ¶һģȨǮ磬ܹɷݵ潻ֳؿóϵŴߵָԵ͵ĹʺͻֳŵĿǲŵľأȦڵƺΪ˽ӪеĸĻӦöֳŵֲ״̬;;;;;;;;;;X
EVTOPTA14760;ӦΪȱݳеΡ;;;;;;;;;;X
EVTOPTB14760;ֳֻܴ󻷾Ӱ죬ӦָǴĸܷΧ;;;;;;;;;;X
EVTNAME14770;·ͨ$CAPITAL$;;;;;;;;;;X
EVTDESC14770;ǲϳɳֳ$CAPITAL$ΪһľĻ۹ġÿһ죬ÿСʱÿ󵽵Ľۼǵ׶ģˡʦʵҵҽóףӭ$CAPITAL$ķÿ͵ˡվ$CAPITAL$ĵشΧһȫκһԺͿŵңԶ½ķҷϢ$COUNTRY_ADJ$۹ʷϣ$YEAR$꽫Ϊ$CAPITAL$ĻƽʱԶǡ;;;;;;;;;;X
EVTOPTA14770;Ը˻;;;;;;;;;;X
EVTNAME14780;ֳصļ;;;;;;;;;;X
EVTDESC14780;صͬʱҲζŷ²֢ǵһֳΪһرܼŵĵطȥƺÿֳصǻȾϻһЩ˲֮˺ֳ򺱼ļһλפֳص$COUNTRY_ADJ$ҽıƣһͳŸɵʪزĽʩľٴ뽫Ըֳش棬ȻҪǮ;;;;;;;;;;X
EVTOPTA14780;Ǿͱ;;;;;;;;;;X
EVTOPTB14780;ȻǱֳʩԮ֣ıĿǰ״;;;;;;;;;;X
EVTNAME14790;ֳصķչ;;;;;;;;;;X
EVTDESC14790;ǵһֳڶֳ͵ҵл˾޴ĳɹҪһ$COUNTRY_ADJ$ʱҺʵҵҹͬʵʩҰĲظĸݱ棬ֳԳʵҵҲԸñʮ⡣;;;;;;;;;;X
EVTOPTA14790;Ϣ̫ˣ;;;;;;;;;;X
EVTOPTB14790;ڸЩʱұð;;;;;;;;;;X
EVTNAME14800;ֳؿ;;;;;;;;;;X
EVTDESC14800;һֳһοŷջ˴ʷǰʱжΪʯʱڡ÷ֿ϶ΪǶԶ͵ؿʷṩµ˼·$COUNTRY_ADJ$Э˴ηΪ$COUNTRY_ADJ$ŵľ޴ͻơЩŴȻҪŽݣʣЭǿҪŽ$CAPITAL$ʷݣʾþͷڵز;;;;;;;;;;X
EVTOPTA14800;ЩǸչɡ;;;;;;;;;;X
EVTOPTB14800;ЩԽǵһʲôĹͬƸ;;;;;;;;;;X
EVTNAME14810;ʧߵ;;;;;;;;;;X
EVTDESC14810;ǵһֳس˵״ؾɼ$CAPITAL$ʱҿƣеһСҵһس䣬ÿ춼Ĳҵ׼ת賿ʱ֣䷢е˶޷˯ѾΪֳͳζĸѹֺͰյ;;;;;;;;;;X
EVTOPTA14810;Ҫת賿ƾɶ;;;;;;;;;;X
EVTOPTB14810;ҿǿ·һǱߵ̻ᣬС̸̸¡;;;;;;;;;;X
POP_DETAILS_MONEY;ֽ;;;;;;;;;;X
POP_DETAILS_INCOME;룺;;;;;;;;;;X
POP_DETAILS_BANK;;;;;;;;;;;X
POP_DETAIL_LIFENEEDS;Ʒ;;;;;;;;;;X
POP_DETAIL_EVERYDAYNEEDS;Ʒ;;;;;;;;;;X
POP_DETAIL_LUXUARYNEEDS;ݳƷ;;;;;;;;;;X
CLICK_FOR_DETAILS;ϸϡ;;;;;;;;;;X
CZH;ݿ˹工;;;;;;;;;;X
CZH_ADJ;ݿ˹工˵;;;;;;;;;;X
CZH_fascist;ݿ˹工˹嵳;;;;;;;;;;X
CZH_socialist;ݿ;;;;;;;;;;X
CZH_conservative;ݿ˹工;;;;;;;;;;X
CZH_liberal;ũСũ͵;;;;;;;;;;X
CZH_communist;ݿ˹工˹;;;;;;;;;;X
CZH_reactionary;ίԱ;;;;;;;;;;X
CZH_anarcho_liberal;ݿ;;;;;;;;;;X
YUG;˹;;;;;;;;;;X
YUG_ADJ;˹;;;;;;;;;;X
YUG_fascist;;;;;;;;;;;X
YUG_socialist;;;;;;;;;;;X
YUG_conservative;ص;;;;;;;;;;X
YUG_liberal;;;;;;;;;;;X
YUG_communist;;;;;;;;;;;X
YUG_reactionary;;;;;;;;;;;X
YUG_anarcho_liberal;ɵ;;;;;;;;;;X
AZB;ݽ;;;;;;;;;;X
AZB_ADJ;ݽ;;;;;;;;;;X
AZB_fascist;;;;;;;;;;;X
AZB_socialist;˹;;;;;;;;;;X
AZB_conservative;˵;;;;;;;;;;X
AZB_liberal;ƽȵ;;;;;;;;;;X
AZB_communist;ʲά˵;;;;;;;;;;X
AZB_reactionary;嵳;;;;;;;;;;X
AZB_anarcho_liberal;ɵ;;;;;;;;;;X
IRQ;;;;;;;;;;;X
IRQ_ADJ;˵;;;;;;;;;;X
IRQ_reactionary;ϣķ;;;;;;;;;;X
IRQ_socialist;˵;;;;;;;;;;X
IRQ_communist;;;;;;;;;;;X
IRQ_liberal;ɵ;;;;;;;;;;X
IRQ_anarcho_liberal;ɵ;;;;;;;;;;X
IRQ_conservative;ص;;;;;;;;;;X
IRQ_fascist;Žᵳ;;;;;;;;;;X
MGL;ɹ;;;;;;;;;;X
MGL_ADJ;ɹŵ;;;;;;;;;;X
MGL_reactionary;;;;;;;;;;;X
MGL_socialist;ᵳ;;;;;;;;;;X
MGL_communist;;;;;;;;;;;X
MGL_liberal;ɵ;;;;;;;;;;X
MGL_anarcho_liberal;ɵ;;;;;;;;;;X
MGL_conservative;ص;;;;;;;;;;X
MGL_fascist;Žᵳ;;;;;;;;;;X
PHI;ɱ;;;;;;;;;;X
PHI_ADJ;ɱ;;;;;;;;;;X
PHI_reactionary;ͳ;;;;;;;;;;X
PHI_socialist;;;;;;;;;;;X
PHI_communist;;;;;;;;;;;X
PHI_liberal;ɵ;;;;;;;;;;X
PHI_anarcho_liberal;ɵ;;;;;;;;;;X
PHI_conservative;;;;;;;;;;;X
PHI_fascist;˹;;;;;;;;;;X
MCK;;;;;;;;;;;X
MCK_ADJ;޵;;;;;;;;;;X
MCK_reactionary;;;;;;;;;;;X
MCK_socialist;ᵳ;;;;;;;;;;X
MCK_communist;й;;;;;;;;;;X
MCK_liberal;ɵ;;;;;;;;;;X
MCK_conservative;͢;;;;;;;;;;X
MCK_fascist;˹;;;;;;;;;;X
MCK_anarcho_liberal;ǳɿĺѡ;;;;;;;;;;X
CHI_1504;;;;;;;;;;;X
CHI_1529;;;;;;;;;;;X
CHI_1499;㶫;;;;;;;;;;X
GXI;ϵ;;;;;;;;;;X
GXI_ADJ;;;;;;;;;;;X
GXI_reactionary;½͢;;;;;;;;;;X
GXI_socialist;йᵳ;;;;;;;;;;X
GXI_communist;й;;;;;;;;;;X
GXI_liberal;йɵ;;;;;;;;;;X
GXI_conservative;й;;;;;;;;;;X
GXI_fascist;й굳;;;;;;;;;;X
GXI_anarcho_liberal;;;;;;;;;;;X
CHI_1576;ɽ;;;;;;;;;;X
SXI;ϵ;;;;;;;;;;X
SXI_ADJ;ɽ;;;;;;;;;;X
SXI_reactionary;ɽ;;;;;;;;;;X
SXI_socialist;йᵳ;;;;;;;;;;X
SXI_communist;й;;;;;;;;;;X
SXI_liberal;йɵ;;;;;;;;;;X
SXI_conservative;й;;;;;;;;;;X
SXI_fascist;й굳;;;;;;;;;;X
SXI_anarcho_liberal;;;;;;;;;;;X
REAL_DEMAND;ʵ$VAL$;;;;;;;;;;X
CHI_1601;;;;;;;;;;;X
YNN;ϵ;;;;;;;;;;X
YNN_ADJ;ϵ;;;;;;;;;;X
YNN_reactionary;;;;;;;;;;;X
YNN_socialist;йᵳ;;;;;;;;;;X
YNN_communist;й;;;;;;;;;;X
YNN_liberal;йɵ;;;;;;;;;;X
YNN_conservative;й;;;;;;;;;;X
YNN_fascist;й굳;;;;;;;;;;X
YNN_anarcho_liberal;;;;;;;;;;;X
CHI_1557;ຣ;;;;;;;;;;X
CHI_1490;;;;;;;;;;;X
CHI_2062;;;;;;;;;;;X
XBI;Ҿ;;;;;;;;;;X
XBI_ADJ;;;;;;;;;;;X
XBI_reactionary;Ҿ;;;;;;;;;;X
XBI_socialist;йᵳ;;;;;;;;;;X
XBI_communist;й;;;;;;;;;;X
XBI_liberal;йɵ;;;;;;;;;;X
XBI_conservative;й;;;;;;;;;;X
XBI_fascist;й굳;;;;;;;;;;X
XBI_anarcho_liberal;;;;;;;;;;;X
CHI_1600;½;;;;;;;;;;X
XIN;½;;;;;;;;;;X
XIN_ADJ;½;;;;;;;;;;X
XIN_reactionary;;;;;;;;;;;X
XIN_socialist;йᵳ;;;;;;;;;;X
XIN_communist;й;;;;;;;;;;X
XIN_liberal;йɵ;;;;;;;;;;X
XIN_conservative;й;;;;;;;;;;X
XIN_fascist;й굳;;;;;;;;;;X
XIN_anarcho_liberal;;;;;;;;;;;X
TRADE_TOP_PRODUCERS;ǰ;;;;;;;;;;X
EVTNAME10001;ʱ;;;;;;;;;;X
EVTDESC10001;Ȼؼѱܣ˼ȴδҡڵ¹ʥ۹¾ɵĻʹѾ壬ϵķ⽨Լѱ񷨵ȡŷ޵ÿһڿȹݻѧ塢θĸɡԼȨ˼Ѿ˾Ȩ˼룬һε֤һϵĸԣ´֮֮ҲڱȨ𽥾ѲʶӦִ죬ͬʱңԶһˣĵ޺ͷ֡¬ĳ䶨ŷһվһʱĿˣʱ;;;;;;;;;;X
EVTOPTA10001;˶ԽԽˡ;;;;;;;;;;X
EVTNAME10105;ĵı;;;;;;;;;;X
EVTDESC10105;ǵڻͷǵʲôüũܽⳡηήӰ𣿾ڴʳѾõȨȻӦ豣\n\nͬǺȻڸУָǵӦԽϮһʡݵήǺܻܿһǱ뿼ǲӵɧĵ;;;;;;;;;;X
EVTOPTA10105;ǣԸǱܱƽ;;;;;;;;;;X
EVTOPTB10105;ᷢȨɣڰ׷;;;;;;;;;;X
EVTOPTB10120;ñ;;;;;;;;;;X
EVTNAME10110;$CAPITAL$ļ;;;;;;;;;;X
EVTDESC10110;һλʫ˵˵$CAPITAL$ͷѾվžˡһļҹ״ᵽѹȺεѾҹһڼͬСѾϰڽͷ򣬺ƽɻĸֵͬŽһģ$COUNTRY$ȫ¶ҪȫŽĺǱ뿼ǲӵɧĵ;;;;;;;;;;X
EVTOPTA10110;ĸߡ;;;;;;;;;;X
EVTOPTB10110;ά־;;;;;;;;;;X
EVTOPTB10130;š;;;;;;;;;;X
EVTOPTB10140;ڵǣƶԷ;;;;;;;;;;X
EVTNAME10260;ɧƽϢ;;;;;;;;;;X
EVTDESC10260;һ֧ģСľǲӵĳһֱ$PROVINCENAME$洦ɼɧ͸ˡ;;;;;;;;;;X
EVTOPTA10260;̫ˣ;;;;;;;;;;X
EVTNAME14000;$COUNTRY_ADJ$ó;;;;;;;;;;X
EVTNAME14000_sub;$STATE$ļ;;;;;;;;;;X
EVTDESC14000;$STATE$ܼѡսٽе㣬һóߵļ۳Ϊͼ֧ҹǰ;óóױ֧֮伤ҶԿľѳóƷɵͨ߾óױҹĹҵؽ豣ԷΣյߴݻ١$COUNTRY$ѡ·óףóױ壿Ȩ㡣;;;;;;;;;;X
EVTOPTA14000;ⲿԵľǱóʩӱ;;;;;;;;;;X
EVTOPTB14000;Ϊҵһ̶ȵóױɡ;;;;;;;;;;X
EVTOPTC14000;ñɷչҲŲܽ;;;;;;;;;;X
EVTOPTD14000;Ҫǵ˿ͨС;;;;;;;;;;X
EVTOPTE14000;ɺҵɴӵʧ;;;;;;;;;;X
EVTNAME14010;õǰ;;;;;;;;;;;X
EVTNAME14010_sub;$STATE$ľ߱;;;;;;;;;;X
EVTDESC14010;$STATE$ľѡѾգֵǣѡٽоӰȻǾáǲٲľۣѡϣߵڽִҪȷÿһλ$COUNTRY_ADJ$ֵܷԼĵأ;;;;;;;;;;X
EVTOPTA14010;ѧ˵Ĺ۵е;;;;;;;;;;X
EVTOPTB14010;ѧ˵Ĺ۵е;;;;;;;;;;X
EVTOPTC14010;ʱѧ˵Ĺ۵е;;;;;;;;;;X
EVTOPTD14010;ƻѧ˵Ĺ۵е;;;;;;;;;;X
EVTNAME14020;ǹ֧;;;;;;;;;;X
EVTNAME14020_sub;$STATE$ڽ߱;;;;;;;;;;X
EVTDESC14020;ҹĵƷѾʼ»$STATE$ѡսУĳڽ̶ڽ̿ݵȺȻ󲨡˿ʼѯҹԴڽ̬ȣЩ⽫պѡٲӰ졣;;;;;;;;;;X
EVTOPTA14020;û£;;;;;;;;;;X
EVTOPTB14020;εʱҪڽ̣;;;;;;;;;;X
EVTOPTC14020;ӦӵиԵڽ;;;;;;;;;;X
EVTOPTD14020;ֻһȷ;;;;;;;;;;X
EVTNAME14030;ǣԼ;;;;;;;;;;X
EVTNAME14030_sub;$STATE$ĹȨ;;;;;;;;;;X
EVTDESC14030;˲ĿУλڼۡĿɿڴΪ֮ǡ񡱡塱͡ĻȺĴʻ㡣һӦµĻһӦñĻͳ$COUNTRY$ͬ˼άʽӿԽԽǿ;;;;;;;;;;X
EVTOPTA14030;Ǿͺá;;;;;;;;;;X
EVTOPTB14030;ҪǵĹȨơ;;;;;;;;;;X
EVTOPTC14030;Ȩ;;;;;;;;;;X
REMOVE_EVTNAME14040;$STATE$İս;;;;;;;;;;X
EVTNAME14040_sub;طѡйھߵıۡ;;;;;;;;;;X
EVTDESC14040;֧ԼΪѡٸվӡΪʾƵԽԼǿ֮¾ļӾ磬֤άǿ$COUNTRY_ADJ$ıҪԡô϶Ϊ¿֧ԤеıѾˡ;;;;;;;;;;X
EVTOPTA14040;ǰߣΪս;;;;;;;;;;X
EVTOPTB14040;ҪⲿƱֳľ;;;;;;;;;;X
EVTOPTC14040;̱ϾǺ¡;;;;;;;;;;X
EVTOPTD14040;ս񼫵飬ɡ;;;;;;;;;;X
EVTNAME14050;˰;;;;;;;;;;X
EVTNAME14050_sub;$STATE$Ĺ˰߱;;;;;;;;;;X
EVTDESC14050;Դ$STATE$˵زҪƷۺת˰ʣ˽Ϳʼֳ֣´δѡһ۽㡣Ѿ˲ٵĽ顣;;;;;;;;;;X
EVTOPTA14050;߹˰;;;;;;;;;;X
EVTOPTB14050;ЩĹ˰ԽͣҪߡ;;;;;;;;;;X
EVTOPTC14050;ù˰ԭ;;;;;;;;;;X
EVTOPTD14050;΢͹˰;;;;;;;;;;X
EVTOPTE14050;ӦôϽ͹˰ˮƽ;;;;;;;;;;X
EVTNAME14060;ںͳ;;;;;;;;;;X
EVTNAME14060_sub;$STATE$ó;;;;;;;;;;X
EVTDESC14060;Ʒ$STATE$زƷ֣һЩ񱨸˵гЩڻѶԽԽˡѾڴѡ⡣;;;;;;;;;;X
EVTOPTA14060;óƶȴӳڶȷǵľơ;;;;;;;;;;X
EVTOPTB14060;˵Ӧѡóס;;;;;;;;;;X
EVTOPTC14060;óƶǻóɹıϡ;;;;;;;;;;X
EVTOPTD14060;ĳЩµгȷʵҪ;;;;;;;;;;X
EVTOPTE14060;ʼհⲿ߸ڱг⡣;;;;;;;;;;X
EVTNAME14070;к˽;;;;;;;;;;X
EVTNAME14070_sub;$STATE$ľñۣ;;;;;;;;;;X
EVTDESC14070;$STATE$׼˽ҵչеļƻ۵ļҳ̶ע⣬ͼ˫侲;;;;;;;;;;X
EVTOPTA14070;ҿҪл;;;;;;;;;;X
EVTOPTB14070;ǶеǲὫչеġ;;;;;;;;;;X
EVTOPTC14070;˳ȻĹɡ׼л;;;;;;;;;;X
EVTOPTD14070;뷨Ҫҿǿپ;;;;;;;;;;X
EVTOPTE14070;ⲻôɡ;;;;;;;;;;X
EVTNAME14080;ָ;;;;;;;;;;X
EVTNAME14080_sub;$STATE$йعʱƶȵ;;;;;;;;;;X
EVTDESC14080;ڵָĿ̫ˣǲɵġũ񾲾վǱ˪ϱֳ䷢ͬжԼǡ;;;;;;;;;;X
EVTOPTA14080;˵ܸĶָꡣ;;;;;;;;;;X
EVTOPTB14080;ǲõġ;;;;;;;;;;X
EVTOPTC14080;ָ֤ǻġ;;;;;;;;;;X
EVTOPTD14080;ǴǶԵġ;;;;;;;;;;X
EVTOPTE14080;˵öԡ;;;;;;;;;;X
EVTNAME14090;طľûǹҵľ;;;;;;;;;;X
EVTNAME14090_sub;طҽ֮;;;;;;;;;;X
EVTDESC14090;$STATE$ĵѡкȻһǷӦýط÷չۡʱӵΪӳԶһԲϿչֱͶʵƶȽڱҵķչ;;;;;;;;;;X
EVTOPTA14090;ǶԵġ;;;;;;;;;;X
EVTOPTB14090;Ứʱ䣬Чеġ;;;;;;;;;;X
EVTOPTC14090;ԿͶʡ;;;;;;;;;;X
EVTOPTD14090;µá;;;;;;;;;;X
EVTOPTE14090;Ǳ澭÷չ뷨;;;;;;;;;;X
EVTNAME14100;˭ʲô;;;;;;;;;;X
EVTNAME14100_sub;ƻúɵ;;;;;;;;;;X
EVTDESC14100;ڶֱӶԱҵʵʩԵ$STATE$صܵΪҹõļƻ޷Ԥ֪ϲáʲôƷȱʲôƷӦǲЧЭǵͳѾʼ$STATE$˵ķղѡ;;;;;;;;;;X
EVTOPTA14100;һͨϻ;;;;;;;;;;X
EVTOPTB14100;ù滮֪ʲô;;;;;;;;;;X
EVTOPTC14100;ǻעһµġ;;;;;;;;;;X
EVTOPTD14100;ֲʲô£ǻעһµġ;;;;;;;;;;X
EVTOPTE14100;˵ƺе;;;;;;;;;;X
EVTNAME14110;壬ڽ̵Ŀ;;;;;;;;;;X
EVTNAME14110_sub;ڽ;;;;;;;;;;X
EVTDESC14110;$STATE$һЩʵͽΪϴѡǵڹҲδܸӦеӡǳƣЩ෽涼ڵչ˲¶ЩҪˡΪԼӦһЩ֧Աܹˡ⣬ѾΪطѡʱۻбܹעһ;;;;;;;;;;X
EVTOPTA14110;ڽ˽;;;;;;;;;;X
EVTOPTB14110;ƺܺãûС;;;;;;;;;;X
EVTOPTC14110;Ȥ;;;;;;;;;;X
EVTOPTD14110;ҲǿԲȡһЩʩ;;;;;;;;;;X
EVTOPTE14110;ǽ;;;;;;;;;;X
EVTNAME14120;׻ڽ̻;;;;;;;;;;X
REMOVE_EVTNAME14120_sub;$STATE$طѡУڽ߱顣;;;;;;;;;;X
EVTDESC14120;$COUNTRY_ADJ$ڽҵѳΪ$STATE$طѡٵеһΪӦ׻ȡһԽߡԾɱ൱ʵͽԣΪ⽫ԳڽȨв;;;;;;;;;;X
EVTOPTA14120;׻Ҫģ;;;;;;;;;;X
EVTOPTB14120;׻ʹڵϱ;;;;;;;;;;X
EVTOPTC14120;һЩ׻ĴʩǱҪ;;;;;;;;;;X
EVTOPTD14120;׻С;;;;;;;;;;X
EVTOPTE14120;ϣҪд;;;;;;;;;;X
EVTNAME14130;ڽ;;;;;;;;;;X
EVTNAME14130_sub;$STATE$ڽ;;;;;;;;;;X
EVTDESC14130;ڼеѡٱڽҲ֮һΪ$STATE$صڽ䣬ԸڵɣΪϽĽͽԽԽ٣ı仯ӸΣ$COUNTRY_ADJ$¼ܹ;;;;;;;;;;X
EVTOPTA14130;ͼһֿŵĹ۵㡣;;;;;;;;;;X
EVTOPTB14130;Ϊ;;;;;;;;;;X
EVTOPTC14130;ź;;;;;;;;;;X
EVTOPTD14130;ܷУǲ̫Ĺ;;;;;;;;;;X
EVTOPTE14130;ǽ߾ܣڽ޷̵ġ;;;;;;;;;;X
EVTNAME14140;ʥ;;;;;;;;;;X
EVTNAME14140_sub;ڽԮ;;;;;;;;;;X
EVTDESC14140;ùʽɽãѾΪ$STATE$طѡһŻ⡣Ŀ֧߱ڽ̵ֲ֧ڽͽҶڵط쵼˵ܵȻƹҲӦԭ˽˷ڽ;;;;;;;;;;X
EVTOPTA14140;õȻҪ;;;;;;;;;;X
EVTOPTB14140;һЩ܏ĻҪԵĽǶȁ];;;;;;;;;;X
EVTOPTC14140;ӸӦ;;;;;;;;;;X
EVTOPTD14140;ԭϣǱ뷴ּƻ;;;;;;;;;;X
EVTOPTE14140;ϵ;;;;;;;;;;X
EVTNAME14150;ҵ;;;;;;;;;;X
EVTNAME14150_sub;طѡе;;;;;;;;;;X
EVTDESC14150;Ŀǰӿ봴˸ľҵȨάҪ뼮ĹܹܺڱĹͬȵȨѾΪطѡеһŻ⡣;;;;;;;;;;X
EVTOPTA14150;ûȨҪκζ;;;;;;;;;;X
EVTOPTB14150;ΪʲôӦͬȨ;;;;;;;;;;X
EVTOPTC14150;ܿЩʲô;;;;;;;;;;X
EVTOPTD14150;ǽ;;;;;;;;;;X
EVTOPTE14150;ǰ;ףǽ߾ȫ;;;;;;;;;;X
EVTNAME14160;;;;;;;;;;;X
EVTNAME14160_sub;طѡеľȨ;;;;;;;;;;X
EVTDESC14160;طѡ˫۵һǣĳЩ$STATE$еԭĹϵܵҲƽԴΪӦȵȨʵϷߺ$COUNTRY_ADJ$Щһҹ֮ܵõĶҪ˵̡;;;;;;;;;;X
EVTOPTA14160;޹Ȩֱܱ֤ΪһҳϵĹ;;;;;;;;;;X
EVTOPTB14160;޹ȨһЩ;;;;;;;;;;X
EVTOPTC14160;޹ȨӦΪߵָԭ;;;;;;;;;;X
EVTOPTD14160;˶ƽ;;;;;;;;;;X
EVTOPTE14160;֪ƽҵ;;;;;;;;;;X
EVTNAME14170;ͶƱȨ¹;;;;;;;;;;X
EVTNAME14170_sub;ȨȨ֮;;;;;;;;;;X
EVTDESC14170;$STATE$طѡУѾΪһҪ⡣ΪӦͶƱȨޣͶƱȨ˷ԣҲΪľȨʧǽƽͶƱȨΪһŴѡٽ$STATE$ıҡ;;;;;;;;;;X
EVTOPTA14170;Ǳ벻ɵķΧ;;;;;;;;;;X
EVTOPTB14170;ֻм޶Ȩķ;;;;;;;;;;X
EVTOPTC14170;ǻ޳Ȩ;;;;;;;;;;X
EVTOPTD14170;ɱȨһõѡ;;;;;;;;;;X
EVTOPTE14170;񣡣ҵ$STATE$;;;;;;;;;;X
EVTNAME14180;սƽ;;;;;;;;;;X
EVTNAME14180_sub;ѡսеľ;;;;;;;;;;X
EVTDESC14180;ڼ$STATE$طѡУ󲿷ҪΧ$COUNTRY$ĹߡڹһֱȡǿӲƺҲ⡣Ȼ߽ܵѡĻӭѡǰеһЩתήӰ;;;;;;;;;;X
EVTOPTA14180;Ϊսֱǰ;;;;;;;;;;X
EVTOPTB14180;Ҫǿľ;;;;;;;;;;X
EVTOPTC14180;ûҪӾѿ֧;;;;;;;;;;X
EVTOPTD14180;ʵϣڿ;;;;;;;;;;X
EVTOPTE14180;˵ǹħ;;;;;;;;;;X
EVTNAME14190;ʿθ;;;;;;;;;;X
EVTNAME14190_sub;طѡеľ;;;;;;;;;;X
EVTDESC14190;ĽǿʼԹʿõʳԼҪӦѸǮڻʳϡΪʳƷήʿսսҪõĻʳѾΪ$STATE$ؾĵ⡣;;;;;;;;;;X
EVTOPTA14190;սʿҪõʳ;;;;;;;;;;X
EVTOPTB14190;Ϊ˴̣Ҫõʳ;;;;;;;;;;X
EVTOPTC14190;ǽǵʳϻǮ;;;;;;;;;;X
EVTOPTD14190;ⲻӦȿǵġ;;;;;;;;;;X
EVTOPTE14190;ҲӦþ;;;;;;;;;;X
EVTNAME14200;ս˵ʱˣ;;;;;;;;;;X
EVTNAME14200_sub;$STATE$ھ¿֧;;;;;;;;;;X
EVTDESC14200;һҪıʾ󲿷ʿѽӽҪȥһ£ǲҪṩսʿµܳĿǰ·ԳܵԤ㡣;;;;;;;;;;X
EVTOPTA14200;ȥ̫;;;;;;;;;;X
EVTOPTB14200;ûǾͲսˣ;;;;;;;;;;X
EVTOPTC14200;ǻΪ;;;;;;;;;;X
EVTOPTD14200;ʿҪ;;;;;;;;;;X
EVTOPTE14200;ǵҪ»;;;;;;;;;;X
EVTNAME14210;ս˳;;;;;;;;;;X
REMOVE_EVTNAME14210_sub;ȫ$STATE$ڹġƽһᡱ;;;;;;;;;;X
EVTDESC14210;սʿĹ۵$STATE$һӰ˭ڼĴѡúһӰʹԼѡʡΨһǣѡǰıۻҷսʿ⽫ں̶ܴӰǶںѡ˵̶ֳ֧ȡ;;;;;;;;;;X
EVTOPTA14210;ƽ棡;;;;;;;;;;X
EVTOPTB14210;޳·;;;;;;;;;;X
EVTOPTC14210;ʤ书;;;;;;;;;;X
EVTOPTD14210;Ҫǹǰԡ;;;;;;;;;;X
EVTOPTE14210;ҲһеĴ𰸡;;;;;;;;;;X
EVTNAME10270;ѧϻ;;;;;;;;;;X
EVTDESC10270;ǣ$COUNTRY$һΪ˻ָŴɶۼһΪ$COUNTRY$Ϊڶϣ\n\nɹϺԼҵĹ£ѧһЩѧһѧЭᡣһϣּҪĸѡٰ취ͬʱ︴Щ$COUNTRY$Ϻʹͳɡ¸˼ѸӣЭУ԰ܿ췢չΪһӴȺ֯;;;;;;;;;;X
EVTOPTA10270;ǱԼĹ۵;;;;;;;;;;X
EVTOPTB10270;ҪܲܲҪЩĵ飿;;;;;;;;;;X
EVTNAME10280;ض;;;;;;;;;;X
EVTDESC10280;ĶŵĲʱŴȽܸҾϲعͷǧڵǻǸʱɡ\n\n19ͼ֤˶ڹŴȤᣬϣΪ˼߼ȡеԴȪڹϵӺ;ѰЩϣִʵʩĹͬɴͳӵеһĸֲٰһЩŴױ$COUNTRY$ܹľӢʿΪʱС;;;;;;;;;;X
EVTOPTA10280;ʵ˵ûиõȥ;;;;;;;;;;X
EVTOPTB10280;ܸ˿ܵעͬո׵ĶԻκ;;;;;;;;;;X
EVTNAME10290;;;;;;;;;;;X
EVTDESC10290;ˣΪѵȴܾЩϵʿֿɺ$COUNTRY$֮Ȩ\n\nҹһ˾һ顣ۼҳƸͨ鼮棬$COUNTRY$ƶһжͷԾʱĵƳһּĹ۵㣬ͬʱά빲͵Ȩ;;;;;;;;;;X
EVTOPTA10290;õȷֻڵطܻӭ;;;;;;;;;;X
EVTOPTB10290;ȫ$COUNTRY$һ;;;;;;;;;;X
EVTNAME10300;̻Ό;;;;;;;;;;X
EVTDESC10300;ҹĳأ̻Ѿ򵱵ŭĿ飬ԹøԤѾΣóףгĻܷũո˼йó׺ͲһϵӰ죬̻Ҫ߸ı䣬ʹڵó׷ΪʵķʽжСǵҪ޷õ㣬вὫ⽻ɹ;;;;;;;;;;X
EVTOPTA10300;ҲԿǶԵؽЩ΢;;;;;;;;;;X
EVTOPTB10300;Ҿ̵ܾľӢײ;;;;;;;;;;X
EVTNAME10320;һƪѧ;;;;;;;;;;X
EVTDESC10320;ǴѧһɽڷһѧСӡСܵ$COUNTRY$͹ʿҪע龡ܶС̣Ϊгͷ巽ŵ۵㼫˵ǳͼǵ˹ᲢۡǿΪһӹ۵ϾǴǴ𣬵ǣعͷǲҲпȡ֮أ;;;;;;;;;;X
EVTOPTA10320;ȻǱݿе;;;;;;;;;;X
EVTOPTB10320;ȻֻһΪù˽׼;;;;;;;;;;X
EVTNAME10330;¼;;;;;;;;;;X
EVTDESC10330;$COUNTRY_ADJ$¾ֲĳԱѾҹĳ֯һᣬѡٷиĽײṩĹͶƱȨȻϷƽ˾ʱؿʧءѾʱ׼иԤһЩ˱ֵƺ;;;;;;;;;;X
EVTOPTA10330;þס;;;;;;;;;;X
EVTOPTB10330;ŸƵķչЩкԼ·ɡ;;;;;;;;;;X
DIPLOMACY_INFAMY;Y$VALUE$W;;;;;;;;;;X
WARDIALOG_INFAMY;$VALUE$ֵ;;;;;;;;;;X
WARDIALOG_PRESTIGE;$VALUE$ֵ;;;;;;;;;;X
WARDIALOG_PEACECOST;ƽҪ$VALUE$;;;;;;;;;;X
WARDIALOG_SELECT_COUNTRY;ѡұбеĹ;;;;;;;;;;X
WARDIALOG_SELECT_STATE;ѡұбеĵ;;;;;;;;;;X
status_quo_desc;һսκһɧYսĿW;;;;;;;;;;X
conquest_desc;̲һֻеħYҧWһYδҧW;;;;;;;;;;X
add_to_sphere_desc;ҹħYΧW;;;;;;;;;;X
take_from_sphere_desc;һħYΧWԼ;;;;;;;;;;X
acquire_core_state_desc;ӵйжȡһӵǧYʡݧWħYW;;;;;;;;;;X
acquire_state_desc;ӵйжȡһYW;;;;;;;;;;X
place_in_the_sun_desc;ӵйжȡһYֳW;;;;;;;;;;X
cut_down_to_size_desc;ǿһYҧWװҹ֧;;;;;;;;;;X
free_peoples_desc;ѹнһYW;;;;;;;;;;X
protect_minor_desc;ұбѡһYW;;;;;;;;;;X
humiliate_desc;ͨYWչҹľʵW˿ҹħYW;;;;;;;;;;X
po_disarmament2;ڧY$YEARS$WڽֹҽеľY$PERCENTAGE$%W;;;;;;;;;;X
po_reparations2;ÿ֧˰յħY$PERCENTAGE$%WY$YEARS$W;;;;;;;;;;X
po_reduce_prestige2;YWͧR$VALUE$W;;;;;;;;;;X
POP_DETAILS_UNEMPLOYED;ʧҵʣ;;;;;;;;;;X
POP_DETAILS_POPCHANGES;Ⱥ仯;;;;;;;;;;X
repeal_the_corn_laws_title;﷨;;;;;;;;;;X
repeal_the_corn_laws_desc;﷨ָһϵвܻӭķЩӢеĴڱӢũҵ۹ĳҲȻӰӢײȺڻȡ۵ʳ1845ũҵǸգ󰮶ǸΣ﷨1846ȡһĳ־Ӣ˴19͵óʱڡ;;;;;;;;;;X
corn_laws_repealed;﷨ȡ;;;;;;;;;;X
corn_laws_repealed_desc;﷨һϵвܻӭķ汻ˡ;;;;;;;;;;X
crown_empress_of_india_title;ӡŮ;;;;;;;;;;X
crown_empress_of_india_desc;Ŷӡȹ˾ĹرպĪԶ۹Ľ壬άŮ1857ӡŮʵͷΡһΪͷεǵʱ౾˹ӢӡֳĽղ۹ĻԻ޿ɣ;;;;;;;;;;X
svenska_pansarbats_foreningen_title;װ״Э;;;;;;;;;;X
svenska_pansarbats_foreningen_desc;װ״Э1912꣬ĿΪ亣ѲļʽĿ޴֧֣ʹø֯ڳһ׸˹һǧʣ1915꿪ʼҺš;;;;;;;;;;X
OUTLINER_QUEUED;еĵλ;;;;;;;;;;X
BUDGET_NO_LOANS_TO_REPAY;ûдҪ;;;;;;;;;;X
POPDETAIL_NO_REBEL;ûз;;;;;;;;;;X
PRODUCTION_STOCKPILE_LACK_COST;Դȱ;;;;;;;;;;X
DIPLOMACY_AT_WAR_WITH;սУ;;;;;;;;;;X
COLONIZE_CLOSEST_BASE_TO_FAR_SPEC;ĺڧY$PROV$W̫ңԶ\n룺ҪR$NEED$W/Y$CURR$W;;;;;;;;;;X
COLONIZE_CLOSEST_BASE_SPEC;ĺڧY$PROV$W\n룺ҪG$NEED$W/Y$CURR$W;;;;;;;;;;X
BUILDING_INFRASTRUCTURE;ʩY$VALUE$W;;;;;;;;;;X
UNITVIEW_POP_INFO;ԧY$LOC$WħY$TYPE$W;;;;;;;;;;X
UNITVIEW_POP_INFO_FACTION;֧֧Y$FACTION$W;;;;;;;;;;X
SCHOOL_EFFECT;ѧɱΪY$NAME$W\n;;;;;;;;;;X
IS_NOT_MOB;δԱ;;;;;;;;;;X
IS_MOB;ѶԱ;;;;;;;;;;X
enact_female_suffrage_title;ŮͶƱ;;;;;;;;;;X
enact_female_suffrage_desc;ŮͶƱȨʮ𽥵õϿɡ˼˼еõƳ磬ӢѩԼ˹ͼءܶ˼ʱ𽥷չĩѾչһֶ壺ŮȨ塣һսиŮڹƽʱڱΪֻԲſʤεĸλеĹΪŮȡͶƱƽȵȨĹؼҪء;;;;;;;;;;X
female_suffrage;ŮͶƱȨ;;;;;;;;;;X
female_suffrage_desc;ҹŮƽȣŮڴѡڼͶƱ;;;;;;;;;;X
SOCIAL_DESC2;Ὺִ֧ͨĸȡҹЧʡW;;;;;;;;;;X
support_ruhr_industrialism_desc;³ҵһӴľ壬һЩҵͷ²³ʿǿ³ʿľº͹ҵ̩˵³ʿһ֧ӵйҵľӣһ˵³ǡҲûˡ;;;;;;;;;;X
EVTNAME17020;ū;;;;;;;;;;X
EVTDESC17020;йŮѡȨѾΪ$CAPITAL$еķūϵĽ㣬ڸĴһЩŮԣһⰴҪڻʽٿ֮ǰӦȡŮԴǵıȨŮǸԷֿϯλҲΪһ㡣ԽԽļ$COUNTRY$ԼŮŬ뵽֮С;;;;;;;;;;X
EVTOPTA17020;;;;;;;;;;;X
EVTOPTB17020;ŮԲ빫ڻ;;;;;;;;;;X
HAVE_INDUSTRIAL_SCORE_MORE_THAN;ҵڣ;;;;;;;;;;X
EVTNAME17030;Ů;;;;;;;;;;X
EVTDESC17030;ս̶ԽԽǱսʱһЩҪҵŽڹʱӶŮԡ֮ǰһЩСģѾ֤ʮЧģǵĹЧʲǲǸӦһЩĹ;;;;;;;;;;X
EVTOPTA17030;Ҫһпõ;;;;;;;;;;X
EVTOPTB17030;;;;;;;;;;;X
EVTNAME17040;УλŮȨ;;;;;;;;;;X
EVTDESC17040;ҵĽǣȻЩְҵȷʺŮԣǳڸֹκв\n\nһλͦĵľ$COUNTRY$һֽϷһƪ¡ŮԲμӹΪ⼸ʧУ֧ŮԲμӸֹΪЩֻ֤ŮԲμӹѾǲɶҡʵ;;;;;;;;;;X
EVTOPTA17040;йŮԵĹȷĹ淶һ;;;;;;;;;;X
EVTOPTB17040;һ϶$COUNTRY_ADJ$ûǰ;;;;;;;;;;;X
EVTNAME17050;Ţе;;;;;;;;;;X
EVTDESC17050;$CAPITAL$˵̫ˣŢһƬŢе˶\n\nһйŮѡȨίԱ֯һУԼ3000ְҵĸŮǣ֯ˣʦҺʿۼ$CAPITAL$ĴҪѡȨǵһΪ;;;;;;;;;;X
EVTOPTA17050;Թ۰;;;;;;;;;;X
EVTOPTB17050;ǵ⣬֧;;;;;;;;;;X
EVTOPTC17050;ĵĻѾ̫;;;;;;;;;;X
TRIGGER_STATE;ڵ;;;;;;;;;;X
EVTNAME17060;;;;;;;;;;;X
EVTDESC17060;ǵʡеһưɽŮȨڳΪȫЦǶλվھư⿴ϲᵫȽŮӣΪ͸ұһЩ²ŮΪЩ߸ϵֻ硣;;;;;;;;;;X
EVTOPTA17060;ûϵ;;;;;;;;;;X
EVTOPTB17060;ҲӦöЩƯŮʿǵĹ۵㣿;;;;;;;;;;X
EVTNAME17070;ŮȨ븾Ů;;;;;;;;;;X
EVTDESC17070;ͺһڵŮȨҲŸԲͬءӢNUWSSNSWRVķѾһӡ$COUNTRY$ŮȨҲڸԵĲͬѡ;;;;;;;;;;X
EVTOPTA17070;Ӧֱ֧;;;;;;;;;;X
EVTOPTB17070;õģ;;;;;;;;;;X
EVTNAME17080;ѻ鸾ŮƲ˶;;;;;;;;;;X
EVTDESC17080;ѻ鸾Ůûи˲ƲģɷĲƲΪһ塣ҪıҪѻ鸾ŮӵӦԼһݲƲ÷ַ˫ĲƲ\n\n$COUNTRY$ŮȨǿʼȡƲȨ˶ΪŮȡѵȨ档;;;;;;;;;;X
EVTOPTA17080;ǹɣ;;;;;;;;;;X
EVTOPTB17080;ȡȨĻӦ÷;;;;;;;;;;X
EVTNAME17090;Ŵ˶;;;;;;;;;;X
EVTDESC17090;߱СҺǷɢÿһǲһ׵ĹһĿʱ⡣\n\n$COUNTRY_ADJ$ŮȨΪȡڵ֧ڵشģŴΪǵĲƲȨͶƱȨŬš;;;;;;;;;;X
EVTOPTA17090;Ҳ֪ؾǻôǣĲ֪;;;;;;;;;;X
EVTOPTB17090;ԱǶȥʲôѽ;;;;;;;;;;X
EVTNAME17100;ŮԽ;;;;;;;;;;X
EVTDESC17100;Ϊ156ѧޱñĻҺժȥҵͷΣڽҺ󷽣ҾԸҵһÿΡ\n\n$COUNTRY_ADJ$ѧŮԵĳֶ顣һλŮԱǵĸߵѧԺ¼ȡõصıʿǴΪ;;;;;;;;;;X
EVTOPTA17100;ǸͷСѧԺиߣ;;;;;;;;;;X
EVTOPTB17100;ѵǲѧĽǻ˲;;;;;;;;;;X
EVTNAME17110;ڶԡ;;;;;;;;;;X
EVTDESC17110;ܺܶŮسչңǷǳѵġ\n-ȡ¡--ڶԡ\n\nһ$COUNTRY_ADJ$ŮȨ߳һŮȨ鼮Ȿ˹ŮԵĹע;;;;;;;;;;X
EVTOPTA17110;ƼⱾ;;;;;;;;;;X
EVTOPTB17110;Ȿ;;;;;;;;;;X
EVTNAME17120;д˶;;;;;;;;;;X
EVTDESC17120;ҺǣǣʼдŰɣдЩԱǣЩԱǣǵĸκ˶ԣЩֽչʾͬӵͬ\n\n$COUNTRY_ADJ$ŮȨǿʼһд˶ǵĿÿλԱÿյһǧֱŮѡǰͨⳡ˶Ѿȡ˲ٳЧ;;;;;;;;;;X
EVTOPTA17120;Ϊ⽫зһЩӰ;;;;;;;;;;X
EVTOPTB17120;⽫ŲӰ;;;;;;;;;;X
EVTNAME17130;޷ŮȨ;;;;;;;;;;X
EVTDESC17130;ȱһĴͼݻԼλٵĹǲûܵ˺ǵľͲһˡʲôô\n\nһ$COUNTRY_ADJ$ŮȨ֯һʹעǵ⡣رΪǶԹ־ԼսĿʼ;;;;;;;;;;X
EVTOPTA17130;õ;;;;;;;;;;X
EVTNAME17140;ŮȨ߾ʳ飡;;;;;;;;;;X
EVTDESC17140;$COUNTRY_ADJ$һλжŮȨڼпʼΪܵľʳ$COUNTRY_ADJ$ԸŮĲƽȶԴڡŮͶƱĿںµõԽԽĹע֧֣صҲʼ۴¡ڴСＸеıֽԴ˼ȹע;;;;;;;;;;X
EVTOPTA17140;ҽӦøǸӹЩʳȥ;;;;;;;;;;X
EVTOPTB17140;Ƿ;;;;;;;;;;X
EVTNAME17150;è󷨰;;;;;;;;;;X
EVTDESC17150;֮Ϊè󷨰1912Ϊ˱ʳŮȨȡڵͬӢͨһһ˿κصĽԭʱͷţڻָѺͲسеȺʳߵˡǵһʡҲͨƵķʳ˶Դ;;;;;;;;;;X
EVTOPTA17150;ʩѹȡ;;;;;;;;;;X
EVTOPTB17150;;;;;;;;;;;X
EVTNAME17160;оС;;;;;;;;;;X
EVTDESC17160;һ֧ŮȨʿɵоС⼸нڹŮȨǼоڵ$COUNTRY_ADJ$ѧԺʱ򷢱˼ƪǵĹѧ뾭÷עŮԵġ;;;;;;;;;;X
EVTOPTA17160;Ϊ˾ùٰ;;;;;;;;;;X
EVTOPTB17160;ǧֶ۵ҳһ;;;;;;;;;;X
EVTNAME17170;ʻŮȨ;;;;;;;;;;X
EVTDESC17170;$COUNTRY$ŮȨǴǵĿʱ򣬺ܶȱһܸʱƽȵƶȡڸֹʻӦûлôתƹڵߡ;;;;;;;;;;X
EVTOPTA17170;ҲΪǻ侲Ľ㡭;;;;;;;;;;X
EVTOPTB17170;ǱЩǿ;;;;;;;;;;X
STATE_NONCORES;޺ʡݣR$VALUE$%W;;;;;;;;;;X
DIPLOMACY_CANNOT_SET_PRIO_VASSAL;ҹ޷ӰҵħYǹWYW;;;;;;;;;;X
DIPLOMACY_NEGOTIATE_VASSAL;ҹ޷YǹWYW⽻ж;;;;;;;;;;X
DIPLOMACY_NEGOTIATE_WE_VASSAL;ҹ޷ҽ⽻жҹһYǹWYW;;;;;;;;;;X
PW_OPEN_POPSCREEN;鿴Y$LOC$W˿ͳ;;;;;;;;;;X
COLONIAL_EDUCATION;ֳأ$VAL$;;;;;;;;;;X
EVTNAME17500;͹;;;;;;;;;;X
EVTDESC17500;Ǿȥ\n\nǵһ⼸дӵصһ͹ѾΪߵĴӪˣǸ˰ÿᶼð˳һЩҪȡЩᡣ;;;;;;;;;;X
EVTOPTA17500;ǾþȥӦñ;;;;;;;;;;X
EVTOPTB17500;Ӧгȥɡ;;;;;;;;;;X
EVTNAME17510;Ͻ͵ļ;;;;;;;;;;X
EVTDESC17510;ЩʡڱѾʮּìңҪ齨Խ̬;;;;;;;;;;X
EVTOPTA17510;ҲƼǵܺᱣ;;;;;;;;;;X
EVTOPTB17510;κֹ̬񻯵ĶУ;;;;;;;;;;X
EVTNAME17520;;;;;;;;;;;X
EVTDESC17520;ǵһΪһʧ޴ĵĿ꣬صǱΪĻ֯ߡڿǷЩϤˡ;;;;;;;;;;X
EVTOPTA17520;˵ûѽ;;;;;;;;;;X
EVTOPTB17520;Щ;;;;;;;;;;X
westernize_nation_title;Ӱ;;;;;;;;;;X
westernize_nation_desc;ǵĹܵԽԽִĳִƼҵ·ǳĴͳ鼸֮ءӰѾ͸˹ڵÿ䣬ÿ˵СǵԼСΨһֹȥǱúһ;;;;;;;;;;X
the_meiji_restoration_title;ά;;;;;;;;;;X
the_meiji_restoration_desc;һ˵ձʷʼڹԪǰ660ʱڣȻһֱڣڽʱʾΪܣֻһ־ϵˡڽȨ黹ʣʼҵƶܷĸﾭãձҲܹǿ;;;;;;;;;;X
HAVE_MILITARY_SCORE_MORE_THAN;·ڣ;;;;;;;;;;X
CIVILIZED_EFFECT;תΪYҧW\n;;;;;;;;;;X
EVTNAME10000;֮;;;;;;;;;;X
EVTDESC10000;ʮͳƽ$YEAR$걻ˣɵķ糱ϯ½Щֻ龰ٴα鲼ŷ޵ĴСѧɵΪǵۼһΪһɵŷ;;;;;;;;;;X
EVTOPTA10000;ǻǵĸΪɵˣ;;;;;;;;;;X
form_kellys_irish_brigade_title;İ;;;;;;;;;;X
form_kellys_irish_brigade_desc;ЩӵֿϵĵСǣʲôʱǰã\n\n󲿷ְսӵʱһСȴϾΪⳡսϾ񰮶Ӳе߶ġ;;;;;;;;;;X
EVTNAME17530;Ѫȵİչ;;;;;;;;;;X
EVTDESC17530;ҹľѹһЩҵĹҷչ¸̼ڵĹǣЩϴԵũôѾʹͳԼǵγ˼ҵĶ;;;;;;;;;;X
EVTOPTA17530;ϣĵ鲻Ҫٷ;;;;;;;;;;X
EVTOPTB17530;ǣѵЩһͳν׼ɵ;;;;;;;;;;X
EVTNAME17540;ͬİչ;;;;;;;;;;X
EVTDESC17540;ҹһеĹǿʼ˰չǻٵװʽĹעһͣûʲôǴĹǷ׷׼ǵҹĹҵܵӰ졣ҪʹһЩǿӲֶֹǣ;;;;;;;;;;X
EVTOPTA17540;еʱ䣬ȥ;;;;;;;;;;X
EVTOPTB17540;ЩϢıֽˣ;;;;;;;;;;X
EVTNAME17550;$COUNTRY_ADJ$Ǳ;;;;;;;;;;X
EVTDESC17550;һıֽ$CAPITAL$ˡ$CAPITAL$ǱҪ$COUNTRY_ADJ$ᵳݱֽײ㱨Щ˵ʵ﹤˵Ȩ棬֯Լ;;;;;;;;;;X
EVTOPTA17550;ҾӦöԵײʿʵ;;;;;;;;;;X
EVTOPTB17550;ʲô߰ıֽѽ;;;;;;;;;;X
EVTNAME17560;´;;;;;;;;;;X
EVTDESC17560;ʺӭƮǷ׷ۿⳡߡߡԱǾеĴСΪ˼1886֥Ӹɲгɱȥʾǣ$COUNTRY$ÿ궼ڸط𡣽пرɹʵ⽫ǵľѶ붷ԡ;;;;;;;;;;X
EVTOPTA17560;ȻҵĹмЩƻɱ˷;;;;;;;;;;X
EVTOPTB17560;Ȼ֧ӹʼ乤ŽΪ;;;;;;;;;;X
EVTNAME17580;û;;;;;;;;;;X
EVTDESC17580;ֻڼᣬ\nһȺţ׵ء\nѾ\nԺĺ챻˺ѡ\nʷٷ򡤰\n\nһʡݵʱǿʼøְ취ݻٹᣬоͰӶְҵ͸ƻŽᣬԴظͳ;;;;;;;;;;X
EVTOPTA17580;Ǹֽоĺѽ;;;;;;;;;;X
EVTOPTB17580;Υɵķ;;;;;;;;;;X
EVTNAME17590;ͣ;;;;;;;;;;X
EVTDESC17590;һʡݵʱʳͻʱ򽫹֪ͣȥֱǲֹ֧Ϊֹؾ֧ٶ빤ڳΧһϵеĳͻ;;;;;;;;;;X
EVTOPTA17590;ѾóףսæĽͷöˣҲŲΪ֯;;;;;;;;;;X
EVTOPTB17590;ˣΥܷģ;;;;;;;;;;X
EVTNAME17600;Ʈ;;;;;;;;;;X
EVTDESC17600;һʡݵᵳΪ쵼˵¿ʼı仯ȻǻͬһЩ۱ǿҵĽɫʼ˼塣ɫڣǰᵳܲ¥ǰƮţѾѾɱһµ˹塣;;;;;;;;;;X
EVTOPTA17600;ȥȤǵöǡ;;;;;;;;;;X
EVTOPTB17600;ܲºһЩ;;;;;;;;;;X
EVTNAME17610;;;;;;;;;;;X
EVTDESC17610;һʡݵķ˹ӳһֻЧ׼֯ӣΪǺɫƷ$COUNTRY_ADJ$˵һȫµĳԣȻǵ֯ЧǳԼľ֯;;;;;;;;;;X
EVTOPTA17610;ͼѹȡ;;;;;;;;;;X
EVTOPTB17610;ùǣϣҲ鷳;;;;;;;;;;X
EVTNAME17620;˹Ĵʳ;;;;;;;;;;X
EVTDESC17620;˹ԡ$COUNTRY_ADJ$ʱȺ忪ʼΪʧҵṩѵʳɣɵ뱣ص˵ǶѡĻ¸Ȼ˹ȴԴ˳š;;;;;;;;;;X
EVTOPTA17620;ǲûΥҲӦԤ;;;;;;;;;;X
EVTOPTB17620;ֻƭȡİˣֹǣ;;;;;;;;;;X
EVTNAME17630;$CAPITAL$;;;;;;;;;;X
EVTDESC17630;ϢѾ$CAPITAL$\ͬ˹֯Ѿȫ$CAPITAL$ڶȡȨûκͼֹǵΪٸ߼춼Ƿ˹ͬߡ$COUNTRY_ADJ$˵ǸϾĿ顣;;;;;;;;;;X
EVTOPTA17630;ǿɳֹǣ;;;;;;;;;;X
EVTOPTB17630;ʲô\һأ;;;;;;;;;;X
EVTNAME17640;$COUNTRY_ADJ$ɾ;;;;;;;;;;X
EVTDESC17640;ʱδ߸еʧϱ֯һΪɾŵ׼֯ڱԼѾʼλв˺üλɵμҲռһϯ֮ء;;;;;;;;;;X
EVTOPTA17640;Ǿȥ;;;;;;;;;;X
EVTOPTB17640;ֹӰ쵽;;;;;;;;;;X
EVTNAME17650;˹ֽ;;;;;;;;;;X
EVTDESC17650;˹һʡݴһΪ$COUNTRY_ADJıֽ쵽̸ҶԹߡߡɡصˡ塢Ůԡͬʱҡ񲡻ﷸ˿̱Уڲٹ۵ܵڵ֧֡;;;;;;;;;;X
EVTOPTA17650;ΪĶҪ²ʿ;;;;;;;;;;X
EVTOPTB17650;ĶҪвײ;;;;;;;;;;X
EVTNAME17660;;;;;;;;;;;X
EVTDESC17660;ǵһʡݷصα¼˹ϮϮ˵ɵܲ˵ĲҾ硣ÿҹĻǣ˹ӡڽϴ֣ڵؾ˼ĿֻšҪΰԤסơ;;;;;;;;;;X
EVTOPTA17660;Եطɾӽפ;;;;;;;;;;X
EVTOPTB17660;ɵԹҵ壬δܱĹΪɵǸ;;;;;;;;;;X
EVTNAME17670;ķ糱;;;;;;;;;;X
EVTDESC17670;$COUNTRY_ADJ$˹ǿʼһˡǶ޵ĹһЩĻӢʮֵֹɿʾ֧֡;;;;;;;;;;X
EVTOPTA17670;ֻ;;;;;;;;;;X
EVTOPTB17670;Ĭ;;;;;;;;;;X
EVTNAME17680;˹;;;;;;;;;;X
EVTDESC17680;˹ǽڴϾһչʾǵĴУɫɫԾ¶ڴϺƺƵĿһЩڸԱΪֲƵľ֯һǱڵвҪΪǷ;;;;;;;;;;X
EVTOPTA17680;ȻҪоôȥ;;;;;;;;;;X
EVTOPTB17680;ΪǷ֯;;;;;;;;;;X
EVTNAME17690;ơƹ¼;;;;;;;;;;X
EVTDESC17690;Ϣ˵һʡݵķ˹׼װѱ䣬ǽܲһơƹУȡصȨδǵڸԱ˷硣һЩΪصľܶԸǣһЩΪҪɳǰѹ߽Ƿ˹õ֧ͬ֡;;;;;;;;;;X
EVTOPTA17690;þȥѹǰ;;;;;;;;;;X
EVTOPTB17690;ϵɳǰѹ;;;;;;;;;;X
EVTNAME17700;˹;;;;;;;;;;X
EVTDESC17700;һʡݵķ˹֯һĹᣬνġͶʱȻϵڷ˹Ŀ´ǿԼʵǿȥѹǣȴὫǱ幤Ǳߡ;;;;;;;;;;X
EVTOPTA17700;ǶλΪǷ֯;;;;;;;;;;X
EVTOPTB17700;ȥ;;;;;;;;;;X
carlist_rebels_title;˹;;;;;;;;;;X
carlist_rebels_name;˹;;;;;;;;;;X
carlist_rebels_desc;˹һִ֧ͳͳ˶˹ܵʶ̬뾭ùϵϵ˫вЩȨĽߣΪЩֻһȺ޽̻봫ͳĹûܡΪֻͳ̳˿˹ӵͳΣŻع顣;;;;;;;;;;X
carlist_rebels_army;˹;;;;;;;;;;X
PRODUCTIONVIEW_FACTORY;YW;;;;;;;;;;X
PRODUCTIONVIEW_RGO;YԭϲاW;;;;;;;;;;X
PRODUCTIONVIEW_ARTISAN;YֹҵߧW;;;;;;;;;;X
restore_mexican_empire_title;ؽī۹;;;;;;;;;;X
restore_mexican_empire_desc;Ϊīܾ1861һξ¸档ְµ쳵ϴ󹫣һΪؽī۹ĻʵۡȻ۹ֻ꣬һ̶ϻǻī籣ؽ׼֧֧֡īλƣǿԽīһҲܴܿܶķա;;;;;;;;;;X
PROVINCE_NEXT_LEVEL;Yһ𣺧W;;;;;;;;;;X
AVG_STATE_BONUS2;ƽʩ;;;;;;;;;;X
infrastructure;ʩ;;;;;;;;;;X
AVG_STATE_BONUS_NOTHING;޻ʩ;;;;;;;;;;X
BUDGET_CONSUMED_MILITARY;Ƶľ;;;;;;;;;;X
BUDGET_CONSUMED_OVERSEAS;Ƶĺ;;;;;;;;;;X
BUDGET_OVERSEAS_PROVINCES;ʡY$VALUE$W;;;;;;;;;;X
BUDGET_AVG_TAX_EFFICIENCY;ƽЧʣY$VALUE$%W;;;;;;;;;;X
BUDGET_AVG_TAX_EFFECT;ƽЧ˰գY$VALUE$%W;;;;;;;;;;X
BUDGET_ADMIN_EFFICIENCY2;ȫЧʣY$PERC$%W;;;;;;;;;;X
BUDGET_ADMIN_EFFICIENCY_DESC2;ҹħYЧʧWĸ͹˰ЧʡЩ֧Ҳǵΰ;;;;;;;;;;X
PV_STATE_ADM_EFF;ЧӰ˰պΰ;;;;;;;;;;X
PV_STATE_ADM_EFF_CURRENT;Y$STRATA$WЧ˰գY$PERC2$%Wڵ˰趨Y$PERC$%W;;;;;;;;;;X
BUDGET_TARIFFS_MODIFIED;Ч˰Y$PERC$%W;;;;;;;;;;X
PV_CRIMEFIGHT_MAX;ߣY$PERC$%W;;;;;;;;;;X
EVTNAME2500;߾¼;;;;;;;;;;X
EVTDESC2500;ҹһλձڹǶ߾ķ½мδΨһڹƵ෴永ҷһ౻ġطܳҪڹͬͷ$COUNTRY_ADJ$񣬲Ҫ$COUNTRY$ʽǸ;;;;;;;;;;X
EVTOPTA2500;ǵΪԳΪһսɡ;;;;;;;;;;X
EVTNAME2510;$CAPITAL$ը;;;;;;;;;;X
EVTDESC2510;$CAPITAL$һС;ͣһۿʱвը漴ûݾ鱨ʾ˴αըڹ¯ȶġĸͨѶץסλᲢαըıѾúԵΪҹԴ¼ʮַŭҪѪծѪۿԴ$CAPITAL$ôͬĵ·ϵ;;;;;;;;;;X
EVTOPTA2510;ǲֱҰΪң⣡;;;;;;;;;;X
EVTOPTB2510;αը⣬ǲñͽ⽻;;;;;;;;;;X
EVTNAME2520;ʹ;;;;;;;;;;X
EVTDESC2520;פһĴʹѾص籨籨ͼԷһ˫ʧܵʧ֮顣ȻҷʹѾܵùε䡣̸УԷίͨԱ߲жԻ⽻Ѿˡ;;;;;;;;;;X
EVTOPTA2520;֪ͨǼǱں;;;;;;;;;;X
EVTOPTB2520;ʱºԷʾл̸֪С;;;;;;;;;;X
EVTNAME2530;ֳ±;;;;;;;;;;X
EVTDESC2530;ֳصһǰһ֧ӣݾ鱨ùһΪ̵֪ˮ·ԽֱӽҹֳءһἰþڶԸõеʵʱҷѲߣ޷˽⵽ʵʲôսʱڸӥｫ$COUNTRY$ֱӹҪִǳ֮Ϊɿ$COUNTRY_ADJ$ŭļƻ;;;;;;;;;;X
EVTOPTA2530;ˣȻӣȤ;;;;;;;;;;X
EVTOPTB2530;ҲΪֵ֪Ϊȥķս;;;;;;;;;;X
EVTNAME2540;˱ɧ;;;;;;;;;;X
EVTDESC2540;ⷽ棬Ը̸ҵ⡣ҵһѡġϸΪһյŸҽƷһۿڵĺعԱûյġֻͬһ̶ԲƵɹó׵ֻһÿ⡣\n\nһλ伫֧ó׶ʶԱᷢݽ˵꾡ı˶Ĳ;;;;;;;;;;X
EVTOPTA2540;޷̣뿼ǿж;;;;;;;;;;X
EVTNAME2550;Ĵս;;;;;;;;;;X
EVTDESC2550;Ԯҹڽ̺;ʿĻ˵˵ִҹѾˣҪͻᱻǲڽյһ̸߲УѾЩӦֹŷ˼ԵǵĹ;;;;;;;;;;X
EVTOPTA2550;±֣ؿ;;;;;;;;;;X
EVTNAME2560;$PROVINCENAME$Ϊ;;;;;;;;;;X
EVTDESC2560;$PROVINCENAME$$COUNTRY_ADJ$Ѿˡڣʡľ$COUNTRY_ADJ$ΪΨһϿɵķɡʡȻΪ$COUNTRY$ĲƲˡ;;;;;;;;;;X
EVTOPTA2560;$COUNTRY$꣡;;;;;;;;;;X
EVTNAME2570;$COUNTRY_ADJ$ռ䣡;;;;;;;;;;X
EVTDESC2570;ԪףӸ߲Ѿƶһƻļƻϣͨ$COUNTRY_ADJ$ռ䡣ͨ߻һڹľ±䣬ʹҹǵĹܵ˽Ͳᱻһߣʹÿʼռ̲ڹȥҪһ㡣Ӧüиüƻֻǵľսϯȫ򣿻ɢֲԼδŵĿֲоӦ;;;;;;;;;;X
EVTOPTA2570;õģ;;;;;;;;;;X
academic_confusion;ѧ;;;;;;;;;;X
academic_confusion_desc;ǵѧڻ֮УȻԷʽתƵķʽؽǵоܵ谭һӰ콫ȥ;;;;;;;;;;X
switch_to_traditional_academic_title;ͳѧ;;;;;;;;;;X
switch_to_traditional_academic_desc;ѧΪѧķŲҪƫӦع鵽һͳ;;;;;;;;;;X
switch_to_army_tech_title;;;;;;;;;;;X
switch_to_army_tech_desc;˽˹ҵҵ;֮ڹս߷ĺѾһǳҪϵķչϵƾ˹ϵʶΪҲĸܡ˶ڸϵõǾ¹ҵ塣ͨѧЩʽϵĿģǿӾº͹ҵоҪԺĻΪۡ;;;;;;;;;;X
switch_to_navy_tech_title;Ȩ̴;;;;;;;;;;X
switch_to_navy_tech_desc;˵ǹȷõİ취ͨԺУҹºξӢܹĽ̴۹һĺңҪԾܱ͹μźͱĴٽ£ǿȷǵĺгķչȻȴҪоΪۡ;;;;;;;;;;X
switch_to_culture_tech_title;ǰ֪ʶ;;;;;;;;;;X
switch_to_culture_tech_desc;ڹȥ꣬ǹҵǰĻ˼ͨǵѧѾеһ޵ʹϵŬѳΪѧݵ̨ˣЩԵ߸ǵѧһõʶ̬Ҫ֧ͨǵҵǿĻоٶȣȻ֪ʶȴк;;;;;;;;;;X
switch_to_trade_tech_title;ʱҵѧУ;;;;;;;;;;X
switch_to_trade_tech_desc;ȥ꣬ҹȺѡӰѾѸٳɳЩȺͬƵϲѧԺ͹˾ܹܵЩȺ֧֣ǿȷǵѧ۽Щǹעĵطҵ͹ҵȻ仯оΪۡ;;;;;;;;;;X
switch_to_industry_tech_title;ҵ;;;;;;;;;;X
declare_republic_of_neuchatel_title;ɳ̩͹;;;;;;;;;;X
declare_republic_of_neuchatel_desc;1707꣬ҴƾĸϵɧĹϵŦɳ̩Ŧɳ̩漴³ʿ׼˽ˡսʱڱػܺ³ʿŦɳ̩սŦɳ̩ҡĽ£Ϊ21ݼʿͬʱʽ³ʿء1848꣬Ŧɳ̩ϳƣʿԹ͹ʽڡ1857꣬³ʿƽȵطŦɳ̩;;;;;;;;;;X
switch_to_industry_tech_desc;һʱҹʱ֮˽˹ϵһŴ۸ӵ硣ٳΪȷ˫ݻĹͬ˽ϵ̶ȵĴٽǹҵļоΪ۵ġ;;;;;;;;;;X
TECH_INVENTIONS_TOOLTIP;;;;;;;;;;;X
TECH_MONTHLY_RESEARCHPOINTS_TOOLTIP;$LITERACY$ʶʵħY$POPTYPE$WǧY$VALUE$оW;;;;;;;;;;X
TECH_MONTHLY_RESEARCHPOINTS_BASE_TOOLTIP;ÿ»оY$VALUE$W;;;;;;;;;;X
TECH_MONTHLY_RESEARCHPOINTS_TOTAL_TOOLTIP;ÿоG+$VALUE$W;;;;;;;;;;X
TECH_MONTHLY_RESEARCHPOINTS_UNCIVILIZED;δ;;;;;;;;;;X
BASE_TARIFF_EFFICIENCY;ЧʣY$PERC$%W;;;;;;;;;;X
PRODUCTION_OPEN_FACTORY_TOOLTIP;YW;;;;;;;;;;X
PRODUCTION_CLOSE_FACTORY_TOOLTIP;YرչW;;;;;;;;;;X
PRODUCTION_EXPAND_FACTORY_TOOLTIP;YW;;;;;;;;;;X
PRODUCTION_BUILDING_FACTORY_TOOLTIP;ڽY$TYPE$W;;;;;;;;;;X
PRODUCTION_EXPANDING_FACTORY_TOOLTIP;Y$TYPE$W;;;;;;;;;;X
PRODUCTION_BUILDING_FACTORY_PROGRESS_TOOLTIP;G$PERC$%WɣҪY$DAYS$W;;;;;;;;;;X
PRODUCTION_OPEN_FACTORY_BECAUSE_TOOLTIP;ǿԿ\n;;;;;;;;;;X
PRODUCTION_CLOSE_FACTORY_BECAUSE_TOOLTIP;ǿԹر\n;;;;;;;;;;X
PRODUCTION_EXPAND_FACTORY_BECAUSE_TOOLTIP;ǿ\n;;;;;;;;;;X
PRODUCTION_NOT_OPEN_FACTORY_BECAUSE_TOOLTIP;ǲܿ\n;;;;;;;;;;X
PRODUCTION_NOT_CLOSE_FACTORY_BECAUSE_TOOLTIP;ǲܹر\n;;;;;;;;;;X
PRODUCTION_NOT_EXPAND_FACTORY_BECAUSE_TOOLTIP;ǲ\n;;;;;;;;;;X
PRODUCTION_CURRENT_PRIORITY_TOOLTIP;ĿǰȶȣY$VALUE$W;;;;;;;;;;X
PRODUCTION_CANCEL_SUBSIDIES;ȡ;;;;;;;;;;X
PRODUCTION_SUBSIDIES_DESC;蹤ҪṩЩĹԭϺͣ򣩸˵нˮʽ;;;;;;;;;;X
PRODUCTION_MONEY_NEEDED;ҪǮ$VALUE$;;;;;;;;;;X
PRODUCTION_TAB_FACTORIES;ʾҹ״ͳ;;;;;;;;;;X
PRODUCTION_TAB_PRODUCTION;ʾҹƷͳƣͬʱҲʾҹвƷ״;;;;;;;;;;X
PRODUCTION_TAB_PROJECTS;ʾҹħY$POPTYPE$W׼ʲô;;;;;;;;;;X
PRODUCTION_NOTHING_PRODUCED;ҹĿǰκΧY$GOOD$W;;;;;;;;;;X
PRODUCTION_OPEN_FACTORY_DESC_TOOLTIP;ǽ¿ʼӶ˽;;;;;;;;;;X
PRODUCTION_CLOSE_FACTORY_DESC_TOOLTIP;رչֹͣй˽ʧҵ;;;;;;;;;;X
PRODUCTION_EXPAND_FACTORY_DESC_TOOLTIP;ɹӶĹ˽;;;;;;;;;;X
PRODUCTION_PRIO_FACTORY_DESC_TOOLTIP;ȶȵĹȨȹӶ˺͹ԭϣͬһڣ;;;;;;;;;;X
PRODUCTION_INPUT_REQUIRED;ǵֹҵߺ͹ҪY$GOOD$W;;;;;;;;;;X
PRODUCTION_PRODUCING_EACH_DAY;ǵħY$TYPE$WÿY$VALUE$λ$GOOD$W;;;;;;;;;;X
PRODUCTION_WANTS_EACH_DAY;ǵħY$TYPE$WÿҪY$VALUE$λ$GOOD$W;;;;;;;;;;X
WARSUBSIDIES_THEY_ACCEPT_SETUP;ҹĳս;;;;;;;;;;X
WARSUBSIDIES_WE_ACCEPT_SETUP;ĳҹս;;;;;;;;;;X
WARSUBSIDIES_OTHER_ACCEPT_SETUP;ĳս;;;;;;;;;;X
CANCEL_WARSUBSIDIES_THEY_ACCEPT_SETUP;ҹȡĳս;;;;;;;;;;X
CANCEL_WARSUBSIDIES_WE_ACCEPT_SETUP;ĳȡҹս;;;;;;;;;;X
CANCEL_WARSUBSIDIES_OTHER_ACCEPT_SETUP;ĳȡս;;;;;;;;;;X
ASKMILITARYACCESS_THEY_ACCEPT_SETUP;ĳͬҹͨȨ;;;;;;;;;;X
ASKMILITARYACCESS_WE_ACCEPT_SETUP;ҹͬĳͨȨ;;;;;;;;;;X
ASKMILITARYACCESS_OTHER_ACCEPT_SETUP;ĳͬͨȨ;;;;;;;;;;X
ASKMILITARYACCESS_THEY_DECLINE_SETUP;ĳܾҹͨȨ;;;;;;;;;;X
ASKMILITARYACCESS_WE_DECLINE_SETUP;ҹܾĳͨȨ;;;;;;;;;;X
ASKMILITARYACCESS_OTHER_DECLINE_SETUP;ĳܾͨȨ;;;;;;;;;;X
CANCELASKMILITARYACCESS_THEY_ACCEPT_SETUP;ҹȡĳľͨȨ;;;;;;;;;;X
CANCELASKMILITARYACCESS_WE_ACCEPT_SETUP;ĳȡҹľͨȨ;;;;;;;;;;X
CANCELASKMILITARYACCESS_OTHER_ACCEPT_SETUP;ĳȡ˱ľͨȨ;;;;;;;;;;X
GIVEMILITARYACCESS_THEY_ACCEPT_SETUP;ҹĳͨȨ;;;;;;;;;;X
GIVEMILITARYACCESS_WE_ACCEPT_SETUP;ĳҹͨȨ;;;;;;;;;;X
GIVEMILITARYACCESS_OTHER_ACCEPT_SETUP;ĳͨȨ;;;;;;;;;;X
GIVEMILITARYACCESS_THEY_DECLINE_SETUP;ҹͨ󱻾ܾ;;;;;;;;;;X
GIVEMILITARYACCESS_WE_DECLINE_SETUP;ҹܾĳľͨ;;;;;;;;;;X
GIVEMILITARYACCESS_OTHER_DECLINE_SETUP;ĳܾ˱ľͨ;;;;;;;;;;X
CANCELGIVEMILITARYACCESS_THEY_ACCEPT_SETUP;ҹȡһнҹľͨȨ;;;;;;;;;;X
CANCELGIVEMILITARYACCESS_WE_ACCEPT_SETUP;ĳȡҹľͨȨ;;;;;;;;;;X
CANCELGIVEMILITARYACCESS_OTHER_ACCEPT_SETUP;ĳȡ˱ľͨȨ;;;;;;;;;;X
ALLIANCE_THEY_ACCEPT_SETUP;ĳͬҹͬ;;;;;;;;;;X
ALLIANCE_WE_ACCEPT_SETUP;ҹͬĳͬ;;;;;;;;;;X
ALLIANCE_OTHER_ACCEPT_SETUP;ĳͬ˱ͬ;;;;;;;;;;X
ALLIANCE_THEY_DECLINE_SETUP;ĳܾҹͬ;;;;;;;;;;X
ALLIANCE_WE_DECLINE_SETUP;ҹܾĳͬ;;;;;;;;;;X
ALLIANCE_OTHER_DECLINE_SETUP;ĳܾ˱ͬ;;;;;;;;;;X
CANCELALLIANCE_THEY_ACCEPT_SETUP;ҹȡĳͬ;;;;;;;;;;X
CANCELALLIANCE_WE_ACCEPT_SETUP;ĳȡҹͬ;;;;;;;;;;X
CANCELALLIANCE_OTHER_ACCEPT_SETUP;ĳȡͬ;;;;;;;;;;X
CALLALLY_THEY_ACCEPT_SETUP;˹Ӧǵĺͬ;;;;;;;;;;X
CALLALLY_WE_ACCEPT_SETUP;ҹӦͬ˵ĺͬ;;;;;;;;;;X
CALLALLY_OTHER_ACCEPT_SETUP;ĳӦͬ˵ĺͬ;;;;;;;;;;X
CALLALLY_THEY_DECLINE_SETUP;˹ܾͬ;;;;;;;;;;X
CALLALLY_WE_DECLINE_SETUP;ҹܾͬͬ;;;;;;;;;;X
CALLALLY_OTHER_DECLINE_SETUP;ĳܾͬͬ;;;;;;;;;;X
DISCREDIT_THEY_ACCEPT_SETUP;ҹĳ;;;;;;;;;;X
DISCREDIT_WE_ACCEPT_SETUP;ĳҹ;;;;;;;;;;X
DISCREDIT_OTHER_ACCEPT_SETUP;ĳ;;;;;;;;;;X
EXPELADVISORS_THEY_ACCEPT_SETUP;ҹĳ;;;;;;;;;;X
EXPELADVISORS_WE_ACCEPT_SETUP;ĳҹ;;;;;;;;;;X
EXPELADVISORS_OTHER_ACCEPT_SETUP;ĳ;;;;;;;;;;X
BANEMBASSY_THEY_ACCEPT_SETUP;ҹĳʹ;;;;;;;;;;X
BANEMBASSY_WE_ACCEPT_SETUP;ĳҹʹ;;;;;;;;;;X
BANEMBASSY_OTHER_ACCEPT_SETUP;ĳʹ;;;;;;;;;;X
INCREASEOPINION_THEY_ACCEPT_SETUP;ҹĳǵ;;;;;;;;;;X
INCREASEOPINION_WE_ACCEPT_SETUP;ĳҹǵ;;;;;;;;;;X
INCREASEOPINION_OTHER_ACCEPT_SETUP;ĳ˱ǵ;;;;;;;;;;X
DECREASEOPINION_THEY_ACCEPT_SETUP;ҹĳǵ;;;;;;;;;;X
DECREASEOPINION_WE_ACCEPT_SETUP;ĳҹǵ;;;;;;;;;;X
DECREASEOPINION_OTHER_ACCEPT_SETUP;ĳ˱ǵ;;;;;;;;;;X
ADDTOSPHERE_THEY_ACCEPT_SETUP;ĳҹΧ;;;;;;;;;;X
ADDTOSPHERE_WE_ACCEPT_SETUP;ҹĳΧ;;;;;;;;;;X
ADDTOSPHERE_OTHER_ACCEPT_SETUP;ĳΧ;;;;;;;;;;X
REMOVEFROMSPHERE_THEY_ACCEPT_SETUP;ҹĳƳΧ;;;;;;;;;;X
REMOVEFROMSPHERE_WE_ACCEPT_SETUP;ҹƳĳΧ;;;;;;;;;;X
REMOVEFROMSPHERE_OTHER_ACCEPT_SETUP;ƳĳΧ;;;;;;;;;;X
INCREASERELATION_THEY_ACCEPT_SETUP;ҹĳĹϵ;;;;;;;;;;X
INCREASERELATION_WE_ACCEPT_SETUP;ĳҹĹϵ;;;;;;;;;;X
INCREASERELATION_OTHER_ACCEPT_SETUP;ĳĹϵ;;;;;;;;;;X
DECREASERELATION_THEY_ACCEPT_SETUP;ҹĳĹϵ;;;;;;;;;;X
DECREASERELATION_WE_ACCEPT_SETUP;ĳҹĹϵ;;;;;;;;;;X
DECREASERELATION_OTHER_ACCEPT_SETUP;ĳĹϵ;;;;;;;;;;X
WETARGET_DISCREDIT_SETUP;ҹܵķ̰;;;;;;;;;;X
WETARGET_EXPELADVISORS_SETUP;ҹĹʱ;;;;;;;;;;X
WETARGET_BANEMBASSY_SETUP;ҹʹݱ;;;;;;;;;;X
WETARGET_DECREASEOPINION_SETUP;ĳҹ;;;;;;;;;;X
WETARGET_REMOVEFROMSPHERE_SETUP;ĳųҹΧ;;;;;;;;;;X
WAR_WE_ACCEPT_SETUP;ĳҹս;;;;;;;;;;X
PEACE_WE_ACCEPT_SETUP;ҹͬĳͣս;;;;;;;;;;X
PEACE_THEY_ACCEPT_SETUP;ĳͬҹͣսҪ;;;;;;;;;;X
PEACE_OTHER_ACCEPT_SETUP;ĳͬ˱ͣս;;;;;;;;;;X
PEACE_WE_DECLINE_SETUP;ҹܾĳͣս;;;;;;;;;;X
PEACE_THEY_DECLINE_SETUP;ĳܾҹͣսҪ;;;;;;;;;;X
PEACE_OTHER_DECLINE_SETUP;ĳܾ˱ͣս;;;;;;;;;;X
INTERVENTION_OUR_SIDE_SETUP;ĳҷӪս;;;;;;;;;;X
INTERVENTION_THEIR_SIDE_SETUP;ĳзӪս;;;;;;;;;;X
INTERVENTION_OTHER_SIDE_SETUP;ĳս;;;;;;;;;;X
WE_INTERVENED_SETUP;ҹս;;;;;;;;;;X
GUNBOAT_WE_ACCEPT_SETUP;ҹΪĳڽ⽻Ŀ;;;;;;;;;;X
GUNBOAT_THEY_ACCEPT_SETUP;ҹĳʹڽ⽻;;;;;;;;;;X
GUNBOAT_OTHER_ACCEPT_SETUP;ĳԱʹڽ⽻;;;;;;;;;;X
EVTDESC16010;Լ֮ڷĹи࣬껹ǰԼ֮Ľ\n\nū˶ӢۣԼʣڶԾеϮʧܺ󣬱ڸݵĲ˹ǡʱƻþеװūϷչһūıʵϮϷūĽų̶ȣеūѾʼƻ;;;;;;;;;;X
USA_220;ױ;;;;;;;;;;X
USA_218;;;;;;;;;;;X
USA_219;;;;;;;;;;;X
EVTDESC16000;ѵļͥزܳ־ãһūһɵܳ־áҲϣ˽壬ҲϣͥҵȷϣٷѡҽȡһƶȣǴ˼ˡ--ǲֿϡ\n\nһжˡЭĳԣʮͼͨ۽ūŬʧˡ糿ϷݵĹԱְϷūƸݣݵȻѡЧ׶ʢҲι̵Ŀǵ"֮"ϷĿǰҡҡ׹;;;;;;;;;;X
emancipation_proclamation_title;źū;;;;;;;;;;X
emancipation_proclamation_desc;źūԡֿͳսзͳơϷеūõšźūԡ֪ⳡսУûʲôȫ˻ĸҪ;;;;;;;;;;X
GC_DESC;¬ɢҲŷ޾ϽɱšսĿѽŷ޸άҲɻϴһ£Ϊֶѵŷ޴½½ʱĺƽȻܸ֮ѱȨȻƼǰչʱǽŲɵոµ֮ӿ֡ڴ˰Զĵ޺ͷޣڰģ߾ȫʹǵĸŷǿֻռһϯ֮ءѡʼʱɰɣ;;;;;;;;;;X
HAVE_MORE_NATIONAL_PROVINCES_OCCUPIED_THAN;ռıʡݱʴڣ;;;;;;;;;;X
BLOCKADE_PENALTY_MORE_THAN;ĸۿڣ;;;;;;;;;;X
PEACE_WHITEPEACE;ͣ;;;;;;;;;;X
PEACE_WE_DECLINE_6;$TERMS$;;;;;;;;;;X
PEACE_THEY_DECLINE_5;$TERMS$;;;;;;;;;;X
PEACE_OTHER_DECLINE_6;$TERMS$;;;;;;;;;;X
INCREASERELATION_WE_ACCEPT_LOG;$ACTOR$˺ǵĹϵ;;;;;;;;;;X
DECREASERELATION_WE_ACCEPT_LOG;$ACTOR$˺ǵĹϵ;;;;;;;;;;X
EVTNAME13015;ص⽻裡;;;;;;;;;;X
EVTDESC13015;һȺ$COUNTRY_ADJ$֮ǰ뿪$COUNTRY$ǰ$FROMCOUNTRY$п죬ܾ뾳$FROMCOUNTRY_ADJ$Ϊ˷ֹӰִһֹߡ$FROMCOUNTRY_ADJ$Ӱ쵽$COUNTRY_ADJ$óף⽻봫̻ڹʼ䱻Ϊ޶ơ;;;;;;;;;;X
EVTOPTA13015;ǳٲ֮ѡ;;;;;;;;;;X
EVTOPTB13015;ǱĲ֮ͬ;;;;;;;;;;X
EVTDESC13100;Щʵ̫ˣǵĴʿǵһЩ߰ĶǵԹҵҳϣƻǵϰףѻƬʹ׹䡣$PROVINCENAME$˵Ѿ鲼أ˵жŽֹ;;;;;;;;;;X
EVTNAME13350;ʹ;;;;;;;;;;X
EVTDESC13350;ԭܹϢ\n\n1861ֱ꣬Ϊɹ̣ĵλͳղķ˹Ϸһݹ顣ڴͶǶûд֮ϣһͷΪ͸͵ʱѾжΣλֿͳתػؾ飬ָ²ӦĻ;;;;;;;;;;X
EVTOPTA13350;ݺ㹻ˣ;;;;;;;;;;X
an_elephant_for_america_title;ʹ;;;;;;;;;;X
an_elephant_for_america_desc;ֱΪɹ̣ĵλͳղķ˹Ϸһݹ顣ڴͶǶûд֮ϣһͷΪ͸ͨжĹϵؽΪơ;;;;;;;;;;X
torching_of_the_summer_palace_title;ջԲ԰;;;;;;;;;;X
torching_of_the_summer_palace_desc;Բ԰λڻʶһĻ԰18ĩ19ͳΪ峯ʵ۵йڵڶѻƬսбӢΪƽءйʿһصĴͬʱŷ޲ʿά˶ࡤҰΪΪջĻܴشйʿ;;;;;;;;;;X
EVTNAME13355;ջԲ԰;;;;;;;;;;X
EVTDESC13355;ĹйֱΪԲ԰λڻʶһĻ԰18ĩ19ͳΪ峯ʵ۵йҲйĽᾧǵ֪ռ˱$FROMCOUNTRY_ADJ$ӽԲ԰ջˡȫ¶ΪҰΪеɥ;;;;;;;;;;X
EVTOPTA13355;Ϊ˶;;;;;;;;;;X
clear_out_the_manchu_elite_title;֧;;;;;;;;;;X
clear_out_the_manchu_elite_desc;峯ʼйȨͼУ峯ĻʵҲһֱ뺺Դ1960̫Ϊѹ̫ƽȨ뺺֣֮ȫйľ档֧Լӿִٶȡ;;;;;;;;;;X
enact_muhammad_alis_reforms_title;ºĬ¡ĸ;;;;;;;;;;X
enact_muhammad_alis_reforms_desc;ºĬ¡һͳµٵİˣ19ͳɵһ֧Ŷٷĵڶ߳٣صķӰ˺һνʤյΪܶͳʱС᲻һ԰ϲĸĸʹΪһִŷʽҡаλɽ۵ĺ룬󲿷ũĹ֮£ԼŷɳʹѧϰȽƹЩĸĻǿƶִһչ;;;;;;;;;;X
muhammad_alis_reforms;ºĬ¡ĸ;;;;;;;;;;X
desc_muhammad_alis_reforms;ִºĬ¡ĸĸǵĿƼ档;;;;;;;;;;X
WAR_DESC;սʹҹӿԽսһͶΪֹ;;;;;;;;;;X
POLITICS_SHOW_VASSALS;鿴ʩŹ;;;;;;;;;;X
POLITICS_SHOW_REFORMS;鿴ĸ;;;;;;;;;;X
POLITICS_RELEASE_VASSAL;ͷŹ;;;;;;;;;;X
POLITICS_RELEASE_VASSAL_DESC;Y$TAG$b¹Y$NUM$bʡݣY$PROVINCES$b;;;;;;;;;;X
POLITICS_RELEASE_VASSAL_DESC_LIMIT;b;;;;;;;;;;X
POLITICS_SATELLITE;ǹ;;;;;;;;;;X
POLITICS_DOMINION;;;;;;;;;;;X
POLITICS_RELEASE_VASSAL_TOOLTIP;Y$TAG$Wʹ֮ΪǵħY$TYPE$WY$TAG$W¹Y$NUM$WʡݣY$PROVINCES$W;;;;;;;;;;X
HOLD_ELECTION;ѡ;;;;;;;;;;X
civil_war;ս;;;;;;;;;;X
civil_war_desc;ҹս;;;;;;;;;;X
civil_war_short;ͳһǵĹ;;;;;;;;;;X
enact_radical_reconstruction_title;ؽ;;;;;;;;;;X
enact_radical_reconstruction_desc;ؽһϳɴʣһϵα仯ɣܷ޶ͳսΪϷҡҪ˷ϳūƣѹϷ͸壬ϿϷͨĵʮ1877˫ЭϳڳϷɳǺʿķб̤ʱʼؽǵĹˡ;;;;;;;;;;X
EVTNAME16415;3K;;;;;;;;;;X
EVTDESC16415;TheKuKluxKlanơ3KһҪϷɷɢ֯1865ݵսϷϱһܵ˽壬ȼյʮּܡɫֺͳ۵ȱ־ԷΪ֪KΪԹ͵ؽԭڱǰаϵȨKΪʵĿ겻ֶΣֱϷ͵˺ͺ˵ıΪڻ¡˹Sͳĵһڣͨ1871꡶ǿƷȡKյϢǿȼյʮּܣֱϷůڰҹա;;;;;;;;;;X
EVTOPTA16415;ǶҵС;;;;;;;;;;X
abolish_serfdom_title;ũūƸĸ;;;;;;;;;;X
abolish_serfdom_desc;ũūơɵũͶ߱ڹϣʵһַ⽨ūƶʽ11͵Ļ˹ʱھԲͬʽڶ˹ȻʱƶȾɴθĸͱ任ȫϳĵһ1810̤ʱƶڶɳǺǱϳֱɳɽͳڼ䣬1861ũҵĸȫ˹ϳũūƣʱȻ˹ũͨ׵ĸıš;;;;;;;;;;X
tanzimat_reforms_title;̹ظĸ;;;;;;;;;;X
tanzimat_reforms_desc;̹ءΪ顱ǰ˹19ͺҶƶһϵиĸʩ۹м˳ĸּڰѶֶ˿ڡ˹塱Ĺͬ£˹ĽΪʱıڵһҵļһѡ񣬲׼еȨ̹ظĸûܳɹֹ˹˥䣬ˣ˵ĸƳ˥䡣;;;;;;;;;;X
establish_la_guardia_civil_title;LaGuardiaCivil;;;;;;;;;;X
establish_la_guardia_civil_desc;LaGuardiaCivilΪӡܱӣŮɯͳʱڣڿ˹սʤ֮Ŀ˹廳ܱǾ;Ļȫһжһֱ;;;;;;;;;;X
la_guardia_civil;;;;;;;;;;;X
la_guardia_civil_desc;֧ܱǹҵĽ;;;;;;;;;;X
support_french_foreign_legion_title;LaLegionetrangere;;;;;;;;;;X
support_french_foreign_legion_desc;LaLegionetrangere⼮šǷӵľµλΨһļ±ʱǹ͸˱1830ʱŻûӮеƾôͳֱһͬж˹սīж¡սۡշսʵϣһֱֹļÿһзĳͻ֮СҲӸ˱硢ѹȡծ߹ȥķ룬뷨ŷۣڷǵɳĮչһ֮ãӴ˳Ϊʮ߱־Ժͳ־õľ֮һٽŷչ±ǵ¡;;;;;;;;;;X
the_french_foreign_legion;⼮;;;;;;;;;;X
the_french_foreign_legion_desc;ǵľ⼮ŵƾôͳĪɡ;;;;;;;;;;X
establish_the_dar_al_funun_title;ũѧԺ;;;;;;;;;;X
establish_the_dar_al_funun_desc;ũѧԺǲ˹ĵһִѧʽĻ1861ɰ׶ȶΪάԪϣһڽڲ˹׼ӵҽѧաȻѧ;¼ִѧԺͨôõĻǵ˳ִζɣ;;;;;;;;;;X
fatherland_volunteers_title;־Ը;;;;;;;;;;X
fatherland_volunteers_desc;ͬսڼ䣬ְظʡʵ޶ӵһŭҪԼǰǰߡڸ͹˫˫ԸʱвҪλΪһ־Ը߲ξ˵˵ֹΪʵǰôǲֹλΪһ־ԸǰȻڸѡ񡣺սʱ־Ըξİ˶־ԸߡԼ޵Ļһҽһǰ׷졣;;;;;;;;;;X
ATWAR;ս;;;;;;;;;;X
law_1420_of_general_common_education_title;1420ŷ;;;;;;;;;;X
law_1420_of_general_common_education_desc;Ƚĵ1420ŷ1884갢͢ͳ¡ŵ޿λʱͨķɣɽ˸ùһѵġġȫԵĺ׵Ľơܸ÷ɵ̻Ͱ͢ĳͻ÷Ȼɱ͢һ̱;;;;;;;;;;X
danmarks_riges_grundlov_title;ܷ;;;;;;;;;;X
danmarks_riges_grundlov_desc;Դ1660һֱǾԾƹң184965գǩΪܷļܷȷⲿܷǩƾȨҵǰڵͳһʱڣһʯսܷ֮־ŵרתΪơǵһܷɣ;;;;;;;;;;X
ADD_WARGOAL_DESC;Ҫ$COST$ս÷Ҫ;;;;;;;;;;X
ADD_WARGOAL_PEACE_COST;Ҫ$COST$ս÷;;;;;;;;;;X
ADD_WARGOAL_INFAMY;ǽսĿսǽ$COST$ħYW;;;;;;;;;;X
ADD_WARGOAL_PRESTIGE;ǴսĿ꣬ǽ$COST$ħYW;;;;;;;;;;X
ADD_WARGOAL_MILITANCY;ûܴսĿ꣬ǵڽ$MILITANCY$ħYԧW;;;;;;;;;;X
ADD_WARGOAL_WARGOAL;սĿ꣺Y$GOAL$W;;;;;;;;;;X
adopt_die_stem_title;áź;;;;;;;;;;X
adopt_die_stem_desc;쳹󺣣\nɽ£ϰӡ\n\nDieStemvanSuid-Afrika߽СϷǵźȻֱ1957ŻΪϷǹĹٷλ֮ǰܳһʱ䣬ѾǷʽĹˡCJд1918ʫ1921Ŧ˹˹¡ά˹źڷ޹㲥˾Ĺ㲥Ƶ֣ÿ㲥ʱͬϵ۱ӹһ𲥳áźĹһǡ̸ֵɣ;;;;;;;;;;X
found_the_bbc_title;BBC;;;;;;;;;;X
found_the_bbc_desc;Ӣ㲥˾ӢĹ㲥ͺĵ19221018գΪӢ㲥޹˾˾ҵŹ˾ɵļŴ19221114մ׶2LOվ̨͵һ㲥BBCʼáƽ;;;;;;;;;;X
establish_the_sovnarkom_title;ά;;;;;;;;;;X
establish_the_sovnarkom_desc;Soviet Narodnykh KommissarovΪίԱᡱնȨ1918Ķ˹˹͹ܻ𰴹ְܡάʽأάḺݻڼ䣬ӵзɡȨ;;;;;;;;;;X
EVTNAME2000;Ⱥ;;;;;;;;;;X
EVTDESC2000;ִ¹ҵ񾭳۾൱С򣬽ڣͬͬ以֣ʾγС͡ȺɵءŦԼġС$PROVINCENAME$Ҳ⣬ǡǡγֶѾ߱ĸĻԺʳζ;;;;;;;;;;X
EVTOPTA2000;ǿʤ;;;;;;;;;;X
EVTOPTB2000;һٽغгļûᣡ;;;;;;;;;;X
EVTNAME2020;ͨ;;;;;;;;;;X
EVTDESC2020;$PROVINCENAME$һʷڻʡһλкһλعϲһЩ˹Գַչ$COUNTRY_ADJ$սᣬµȷȥҸڸı$PROVINCENAME$ССϰס;;;;;;;;;;X
EVTOPTA2020;ףԸͬ;;;;;;;;;;X
EVTOPTB2020;Ǳź;;;;;;;;;;X
EVTNAME2050;Ȩ;;;;;;;;;;X
EVTDESC2050;$PROVINCENAME$һʾУȱƽȹȨҪƽ$COUNTRY_ADJ$ȫ幫ķϿɡ;;;;;;;;;;X
EVTOPTA2050;Ȥǵİɡ;;;;;;;;;;X
EVTOPTB2050;͸;;;;;;;;;;X
EVTNAME2060;ɧ;;;;;;;;;;X
EVTDESC2060;$PROVINCENAME$Ѿɧҡʽ񡱣еûиϿɣ޷ȡúʽͬĻᡣ;;;;;;;;;;X
EVTOPTA2060;һΰ¼;;;;;;;;;;X
EVTOPTB2060;ǵĿ;;;;;;;;;;X
EVTNAME2070;Ч;;;;;;;;;;X
EVTDESC2070;Ч$COUNTRY$ģ\n\n$PROVINCENAME$Ĺ޲ᣬΪǵһЩЧҵԣ֤Ƕ$COUNTRY_ADJ$ҳϡ;;;;;;;;;;X
EVTOPTA2070;ӭؼңͬ;;;;;;;;;;X
EVTNAME2080;ƶ;;;;;;;;;;X
EVTDESC2080;$COUNTRY$񾭳ڽǮͻ涼û·Ϊ$PROVINCENAME$ƶЩƶԽԽشƶԡΪЩҲľסЩʲôǸ⣬Ǳø;;;;;;;;;;X
EVTOPTA2080;ȷǲᱻ;;;;;;;;;;X
EVTOPTB2080;ǵȻӦõЩط;;;;;;;;;;X
sign_treaty_of_london_title;׶Э;;;;;;;;;;X
sign_treaty_of_london_desc;1831ʱڼ䣬ʱƾʵϴ֮ʱûϳϣֱ׶Эǩ1839ŷǿһǩ˸Э飬ЭʽȷʱĶλǩЭǽʧȥԱʱȨƣе۽ߡ;;;;;;;;;;X
EVTNAME2090;;;;;;;;;;;X
EVTDESC2090;$PROVINCENAME$ֺ$COUNTRY_ADJ$ƽ֮У൱ؾǵΧۡסڳб˴˷ȥ˴˷ѧУ̵꣬ѾٸĹͬˡ;;;;;;;;;;X
EVTOPTA2090;ǱںϣҪͲǿ;;;;;;;;;;X
EVTOPTB2090;صǶԵģ;;;;;;;;;;X
EVTNAME2100;ɧ;;;;;;;;;;X
EVTDESC2100;$PROVINCENAME$һڵڲصķΪһģɧҡ̵괰飬ɱΪеᲡ̬ϰ߶񣬲ʵĻܲġ;;;;;;;;;;X
EVTOPTA2100;ҵϢ;;;;;;;;;;X
EVTNAME2110;Ļḻ;;;;;;;;;;X
EVTDESC2110;$PROVINCENAME$ĸľ飬ǵĸڱϽǵĸΪ׽$COUNTRY$ıòϢĽ֡ǵķ׷ḻǵķףѧͽĻֵ»Ϸ;;;;;;;;;;X
EVTOPTA2110;ҫʱ+1;;;;;;;;;;X
EVTOPTB2110;ǸЩ¸ʲô;;;;;;;;;;X
EVTNAME2120;⵽;;;;;;;;;;X
EVTDESC2120;һ$PROVINCENAME$͵һ̯ʱؾץٴαϷϼҵִ𵱵ܴľţϤǵ˾ƣڵĽָǲ;;;;;;;;;;X
EVTOPTA2120;һа;;;;;;;;;;X
EVTOPTB2120;ǡǡҪģ;;;;;;;;;;X
EVTNAME2130;;;;;;;;;;;X
EVTDESC2130;$PROVINCENAME$¿˼ҵ̣ԹƷǼزζŵ˵һƷδ֪ĵطζǰǻȳ˼͵ʳȴȫζȴ۽󱥿ڸ;;;;;;;;;;X
EVTOPTA2130;ۣ;;;;;;;;;;X
EVTOPTB2130;;;;;;;;;;;X
form_north_german_confederation_title;־;;;;;;;;;;X
form_north_german_confederation_desc;ֱ־۹շս֮¹ͳһ19ζͳһڴǰܾþעˣ1848ķ˸һҪסͨڱ־ȡͳελǿԳ־;;;;;;;;;;X
form_south_german_confederation_title;ϵ־;;;;;;;;;;X
form_south_german_confederation_desc;ֱ־۹շս֮¹ͳһ19ζͳһڴǰܾþעˣ1848ķ˸һҪסͨϵ־ȡͳελǿԳϵ־;;;;;;;;;;X
REMOVE_NO_DEMOTION;ûȺְ;;;;;;;;;;X
PROVINCEVIEW_FROM_LOCAL_TAX;ԵЧʣY+;;;;;;;;;;X
INCREASERELATIONTITLE;߹ϵ;;;;;;;;;;X
POLITICS_PEOPLE_IDEOLOGIES;ʶ̬;;;;;;;;;;X
POLITICS_VOTERS_IDEOLOGIES;ѡʶ̬;;;;;;;;;;X
COLONIZE_NOT_GP_OR_SECONDARY;ֻЧYǿWYǿWֳ;;;;;;;;;;X
THIS_IS_SPARTA;ʡҹʥɷָ;;;;;;;;;;X
DIPLO_WE_DOMINION;ҹǵ;;;;;;;;;;X
DIPLO_WE_SATELLITE;ҹǵǹ;;;;;;;;;;X
DIPLO_THEY_DOMINION;ҹ;;;;;;;;;;X
DIPLO_THEY_SATELLITE;ҹǹ;;;;;;;;;;X
BUY_FROM_STOCKPILE_DESC;ڼӹҿ湺;;;;;;;;;;X
EVTNAME16250;飡;;;;;;;;;;X
EVTDESC16250;$PROVINCENAME$Ľͷβۡʵϣ$STATENAME$룬ԽԽٵ˸еһзϷġƶȡҲūơܹڹսθĸ´ɡ;;;;;;;;;;X
EVTOPTA16250;췴ң;;;;;;;;;;X
EVTNAME16001;ūƱ;;;;;;;;;;X
EVTDESC16001;ΰҵĹǴδŷػش֮һǹū״⡣ȵı۹ȥֻڸùȴǹޱҪ⡣һЩϷ˸еûпезǳȥڻʢȨ֧½źūΨһѡҪǵĲԺһγǿϷθĸ̬Ժ40%壬Ǿܿ϶Կ޿ܡ;;;;;;;;;;X
EVTOPTA16001;ϣܳһʱ;;;;;;;;;;X
the_slavery_debate;ūƱ;;;;;;;;;;X
desc_the_slavery_debate;ūƶȵı۷ǳԾÿһ춼ھѶȵе֧ʳٷ֮ʮϷڹ;;;;;;;;;;X
CANCELGIVEMILITARYACCESS_THEY_ACCEPT_HEADER;౨;;;;;;;;;;X
CANCELGIVEMILITARYACCESS_THEY_ACCEPT_1;Y$ACTOR$W;;;;;;;;;;X
CANCELGIVEMILITARYACCESS_THEY_ACCEPT_2;$MONARCHTITLE$ᷳ;;;;;;;;;;X
CANCELGIVEMILITARYACCESS_THEY_ACCEPT_3;Y$RECIPIENT$W;;;;;;;;;;X
CANCELGIVEMILITARYACCESS_THEY_ACCEPT_4;ۻಿ̤ҹȡ˿ǵľͨȨ;;;;;;;;;;X
CANCELGIVEMILITARYACCESS_THEY_ACCEPT_5;*;;;;;;;;;;X
CANCELGIVEMILITARYACCESS_THEY_ACCEPT_6;Y$ACTOR$W񶼶Դ˱ʾ֧֡;;;;;;;;;;X
CANCELGIVEMILITARYACCESS_THEY_ACCEPT_BTN1;õ;;;;;;;;;;X
CANCELGIVEMILITARYACCESS_THEY_ACCEPT_BTN2;õ;;;;;;;;;;X
CANCELGIVEMILITARYACCESS_THEY_ACCEPT_BTN3;鿴;;;;;;;;;;X
CANCELGIVEMILITARYACCESS_WE_ACCEPT_HEADER;౨;;;;;;;;;;X
CANCELGIVEMILITARYACCESS_WE_ACCEPT_1;Y$ACTOR$W;;;;;;;;;;X
CANCELGIVEMILITARYACCESS_WE_ACCEPT_2;$MONARCHTITLE$Ƿŭص֪;;;;;;;;;;X
CANCELGIVEMILITARYACCESS_WE_ACCEPT_3;Y$ACTOR$W;;;;;;;;;;X
CANCELGIVEMILITARYACCESS_WE_ACCEPT_4;ȡ˸ҹľͨȨ;;;;;;;;;;X
CANCELGIVEMILITARYACCESS_WE_ACCEPT_5;*;;;;;;;;;;X
CANCELGIVEMILITARYACCESS_WE_ACCEPT_6;ҪѵֶӵΪ;;;;;;;;;;X
CANCELGIVEMILITARYACCESS_WE_ACCEPT_BTN1;õ;;;;;;;;;;X
CANCELGIVEMILITARYACCESS_WE_ACCEPT_BTN2;õ;;;;;;;;;;X
CANCELGIVEMILITARYACCESS_WE_ACCEPT_BTN3;鿴;;;;;;;;;;X
CANCELGIVEMILITARYACCESS_OTHER_ACCEPT_HEADER;౨;;;;;;;;;;X
CANCELGIVEMILITARYACCESS_OTHER_ACCEPT_1;Y$ACTOR$W;;;;;;;;;;X
CANCELGIVEMILITARYACCESS_OTHER_ACCEPT_2;$MONARCHTITLE$;;;;;;;;;;X
CANCELGIVEMILITARYACCESS_OTHER_ACCEPT_3;Y$ACTOR$W;;;;;;;;;;X
CANCELGIVEMILITARYACCESS_OTHER_ACCEPT_4;;;;;;;;;;;X
CANCELGIVEMILITARYACCESS_OTHER_ACCEPT_5;Y$RECIPIENT$W;;;;;;;;;;X
CANCELGIVEMILITARYACCESS_OTHER_ACCEPT_6;ǵľͨȨҲǿԴл档;;;;;;;;;;X
CANCELGIVEMILITARYACCESS_OTHER_ACCEPT_BTN1;õ;;;;;;;;;;X
CANCELGIVEMILITARYACCESS_OTHER_ACCEPT_BTN2;õ;;;;;;;;;;X
CANCELGIVEMILITARYACCESS_OTHER_ACCEPT_BTN3;鿴;;;;;;;;;;X
DECREASERELATIONTITLE;ƻϵ;;;;;;;;;;X
WARGOALTITLE;սĿ;;;;;;;;;;X
WARSUBSIDIESTITLE;ṩսԮ;;;;;;;;;;X
CANCEL_WARSUBSIDIESTITLE;ȡսԮ;;;;;;;;;;X
ASKMILITARYACCESSTITLE;ҪͨȨ;;;;;;;;;;X
CANCELASKMILITARYACCESSTITLE;ȡͨȨ;;;;;;;;;;X
GIVEMILITARYACCESSTITLE;ṩͨȨ;;;;;;;;;;X
CANCELGIVEMILITARYACCESSTITLE;ջؾͨȨ;;;;;;;;;;X
CANCELALLIANCETITLE;˺Լ;;;;;;;;;;X
CALLALLYTITLE;ҪѼս;;;;;;;;;;X
DISCREDITTITLE;̰ǿ;;;;;;;;;;X
EXPELADVISORSTITLE;ǿĹ;;;;;;;;;;X
BANEMBASSYTITLE;ǿĴʹ;;;;;;;;;;X
INCREASEOPINIONTITLE;߶ҹ̬;;;;;;;;;;X
DECREASEOPINIONTITLE;Ͷǿ̬;;;;;;;;;;X
ADDTOSPHERETITLE;Χ;;;;;;;;;;X
REMOVEFROMSPHERETITLE;ƳƷΧ;;;;;;;;;;X
INCREASERELATION_BUTTON;߹ϵ;;;;;;;;;;X
DECREASERELATION_BUTTON;͹ϵ;;;;;;;;;;X
CALLALLY_OFFER;$ACTOR$Ҫǰǣ$LIST$;;;;;;;;;;X
CALLALLY_THEY_ACCEPT_HEADER;౨;;;;;;;;;;X
CALLALLY_THEY_ACCEPT_1;Y$RECIPIENT$W;;;;;;;;;;X
CALLALLY_THEY_ACCEPT_2;$MONARCHTITLE$Ǻص֪;;;;;;;;;;X
CALLALLY_THEY_ACCEPT_3;Y$RECIPIENT$W;;;;;;;;;;X
CALLALLY_THEY_ACCEPT_4;ǵľͬˣ޵еľӣԿ;;;;;;;;;;X
CALLALLY_THEY_ACCEPT_5;$VERSUS$;;;;;;;;;;X
CALLALLY_THEY_ACCEPT_6;*;;;;;;;;;;X
CALLALLY_THEY_ACCEPT_BTN1;üˣ;;;;;;;;;;X
CALLALLY_THEY_ACCEPT_BTN2;üˣ;;;;;;;;;;X
CALLALLY_THEY_ACCEPT_BTN3;鿴;;;;;;;;;;X
CALLALLY_WE_ACCEPT_HEADER;౨;;;;;;;;;;X
CALLALLY_WE_ACCEPT_1;Լ;;;;;;;;;;X
CALLALLY_WE_ACCEPT_2;$MONARCHTITLE$Ϊ;;;;;;;;;;X
CALLALLY_WE_ACCEPT_3;Y$ACTOR$W;;;;;;;;;;X
CALLALLY_WE_ACCEPT_4;ֵǰǣԿ;;;;;;;;;;X
CALLALLY_WE_ACCEPT_5;$VERSUS$;;;;;;;;;;X
CALLALLY_WE_ACCEPT_6;*;;;;;;;;;;X
CALLALLY_WE_ACCEPT_BTN1;õ;;;;;;;;;;X
CALLALLY_WE_ACCEPT_BTN2;õ;;;;;;;;;;X
CALLALLY_WE_ACCEPT_BTN3;鿴;;;;;;;;;;X
CALLALLY_OTHER_ACCEPT_HEADER;౨;;;;;;;;;;X
CALLALLY_OTHER_ACCEPT_1;Y$RECIPIENT$W;;;;;;;;;;X
CALLALLY_OTHER_ACCEPT_2;$MONARCHTITLE$Y$RECIPIENT$W;;;;;;;;;;X
CALLALLY_OTHER_ACCEPT_3;Ǻ;;;;;;;;;;X
CALLALLY_OTHER_ACCEPT_4;Y$ACTOR$W;;;;;;;;;;X
CALLALLY_OTHER_ACCEPT_5;ԼԶԿ;;;;;;;;;;X
CALLALLY_OTHER_ACCEPT_6;$VERSUS$;;;;;;;;;;X
CALLALLY_OTHER_ACCEPT_BTN1;õ;;;;;;;;;;X
CALLALLY_OTHER_ACCEPT_BTN2;õ;;;;;;;;;;X
CALLALLY_OTHER_ACCEPT_BTN3;鿴;;;;;;;;;;X
BUILD_CIVILIZED;ѿ;;;;;;;;;;X
DIPLOMACY_CANNOT_JOIN_WAR_INVALID_ALLY;ѾںͧY$COUNTRY$Wսͬʱ޷ⷽ;;;;;;;;;;X
DIPLOMACY_CANNOT_JOIN_WAR_INVALID_ENEMY;ѾںͧY$COUNTRY$Wսͬʱ޷ͬǽһս;;;;;;;;;;X
DIPLOMACY_CANNOT_JOIN_WAR_ALLIED_ENEMY;Y$COUNTRY$WսеѣǲһսΪС;;;;;;;;;;X
DIPLOMACY_ALREADY_IN_WAR;Ѿⳡս;;;;;;;;;;X
CALLALLY_DESC;ٻǵ֧Ԯǵս\n$VERSUS$;;;;;;;;;;X
DECISIONOTHER_1;$ACTOR$;;;;;;;;;;X
EVTNAME11101;$FROMCOUNTRY_ADJ$ٹ;;;;;;;;;;X
EVTDESC11101;$MONARCHTITLE$$FROMCOUNTRY_ADJ$ʹǴ$UNION_ADJ$Ϣ$FROMCOUNTRY$Ѿȡ$UNION_ADJ$ڣΨһ$UNION_ADJ$ҡһıƽ赲;;;;;;;;;;X
EVTOPTA11101;$CULTURE_GROUP_UNION$꣡;;;;;;;;;;X
EVTOPTB11101;ԹȨܵ𺦣;;;;;;;;;;X
die_wacht_am_rhein_title;;;;;;;;;;;X
french_military_mission_to_japan_title;ũ;;;;;;;;;;X
french_military_mission_to_japan_desc;1867꣬ձ´ĻҪ£ǲһ¹Ļս֮1898Ϊɭ²Ĳ˹ũ졣ǽǲһ¹ŵձԻǿĹϵ;;;;;;;;;;X
schwabing_circles_title;ʩ߱ĻȦ;;;;;;;;;;X
schwabing_circles_desc;¬زͳڼ䣬ڴѧѧĴڣʩ߱ʼ֪ʶĶִɻҺңֵܵײٵ￵˹֧ʩ߱Ǵҫɡ;;;;;;;;;;X
the_grunderzeit_title;ʱڽ;;;;;;;;;;X
the_grunderzeit_desc;ʱڡֳơʱڡָʮʮʮʮҶε¹ŷάҲѸִʱڡʱĽ¸ؽԼҵ½ԼĹ塣άҲɽʱЩ;;;;;;;;;;X
die_wacht_am_rhein_desc;1840꣬ҲΪ߾˾ٱ־ΪǶ³ʿԣȼΣĵߡΪԴµĻӦʫ˼ˣ˼ʩڿϲһΪġİʫ裬Ǿ䡰ӡʾ־κΣǰػӡʫ1854걻֣18701871շսڼѸٷ;;;;;;;;;;X
DIPLOMACY_AGAINST;Կ;;;;;;;;;;X
FOCUS_OWNED_BY;޷ڱùҽ;;;;;;;;;;X
NO_CB_EFFECT;Rû㹻Ľʱ½ͷW;;;;;;;;;;X
M_GOTO_BUTTON;һʡ;;;;;;;;;;X
INFLUENCE_CHANGE;Y$ACTIVE$WԧY$PASSIVE$WӰı$MUCH$\n;;;;;;;;;;X
INFLUENCE_CHANGE_SHORT;ԧY$PASSIVE$WӰı$MUCH$\n;;;;;;;;;;X
HAVE_DIPLOMATIC_INFLUENCE;⽻Ӱ;;;;;;;;;;X
HAVE_LESS_DIPLOMATIC_INFLUENCE;⽻Ӱ;;;;;;;;;;X
EVTNAME13356;ȭ˵ıУ;;;;;;;;;;X
EVTDESC13356;ţͨ׵ǡȭˡȭ񡱡һڶŷǿŶɥйȨй֯ɱйŷ޴ʿˡԼ̵й˱ɱԴĮģϢЩͽΪĬ̬ȡ;;;;;;;;;;X
EVTOPTA13356;ǲ̵ıУ;;;;;;;;;;X
boxer_rebels_title;ȭ;;;;;;;;;;X
boxer_rebels_name;ȭ;;;;;;;;;;X
boxer_rebels_desc;ţͨ׵ǡȭ񡱻ȭˡһڶر۹ֺĹȨй֯뾡취Ҫһġй֯ڡ󡱵ĿںѰһлɱŷ˺ͻͽ;;;;;;;;;;X
boxer_rebels_army;;;;;;;;;;;X
support_boxers_title;֧ţ;;;;;;;;;;X
support_boxers_desc;ȭѾ˴ռǼʡݡ֧˶ܹ˶ԴӰɡ;;;;;;;;;;X
support_schaumburgs_title;֧ķ;;;;;;;;;;X
support_schaumburgs_desc;ķֶûõ1895ȥ˹طѶ֧ķ֧䳤ʮ˵Ļꡪķֽ֧Էֹһĳ֡;;;;;;;;;;X
support_biesterfelds_title;֧ꡪ˹طѶ¼;;;;;;;;;;X
support_biesterfelds_desc;ķֶûõ1895ȥ˹طѶ֧ķ֧䳤ʮ˵Ļꡪ˹طѶ¼ֽ֧Էֹһĳ֡;;;;;;;;;;X
award_order_of_st_francis_title;˹һѫ;;;;;;;;;;X
award_order_of_st_francis_desc;182928գ˹һѫѫ£ȿΪҲ½¡ǽ°䷢ĳλܳԹǽΪǿʴȵġ;;;;;;;;;;X
statuto_albertino_title;̹;;;;;;;;;;X
statuto_albertino_desc;̹184844ԹڸĵܷʹľƱĺϷܼ޸ģһֱֱ1948ꡣ;;;;;;;;;;X
RECENT_IMIGRATION_DAYS_LATER_THAN;Y$DAYS$Wû\n;;;;;;;;;;X
RECENT_IMIGRATION_DAYS;Y$DAYS$W\n;;;;;;;;;;X
HAS_COLONIES;ֳ\n;;;;;;;;;;X
HAS_NO_COLONIES;ֳ\n;;;;;;;;;;X
IS_NOT_GREAT_NATION;ǿ\n;;;;;;;;;;X
das_zivilgesetzbuch_title;񷨵䡷;;;;;;;;;;X
das_zivilgesetzbuch_desc;1844굽1847ĺɭʮʱѴʱ佫֮ǰĺɭʹõķ񷨵նͳɷγ˴˺նͳһܷ¹񷨵䡷;;;;;;;;;;X
PROD_NO_CURRENT_PROJECTS;ҹħY$POPTYPE$Wǰûмƻ;;;;;;;;;;X
niederwald_denkmal_title;߶¼;;;;;;;;;;X
niederwald_denkmal_desc;߶¼һλڵ¹ɭ߶԰ļϾеǵ¹ߴʮ׵ն櫵λģֱǴսƽ18711883ꡣշս֮־۹ĳԽķʽףǹҹٵͳһɣ;;;;;;;;;;X
build_vittoriano_title;ά˶బŦ;;;;;;;;;;X
build_vittoriano_desc;ά˶బŦ˵ǡάǡһ1911꣬ά˶బŦĳǽһĹȣؽٹʹǵ۾ɣ;;;;;;;;;;X
BUDGET_BANK_BIGGEST_INVESTORS;Ͷߣ\n;;;;;;;;;;X
POLITICS_ALREADY_RULING_PARTY;$PARTY$ִ;;;;;;;;;;X
POLITICS_CANNOT_SET_RULING_PARTY_RULE;ҹ岻ִָ;;;;;;;;;;X
BANK_OF;$COUNTRY$;;;;;;;;;;X
TRADE_STOCKPILE_BUY;ҹջ˧Y$MONEY$W Y$UNITS$Wλ;;;;;;;;;;X
TRADE_STOCKPILE_SOLD;ҹۧY$UNITS$Wλ˧Y$MONEY$W ;;;;;;;;;;X
annals_of_the_fulani_jihad_title;ʥսʷ;;;;;;;;;;X
annals_of_the_fulani_jihad_desc;ϰ£Abdullahi dan Fodio1766-1828ţGwanduİ׶ʱдһڸʥս飬ⳡսϴеˡͨⱾʷһһԣǿԻָҹҫ;;;;;;;;;;X
become_negusa_nagast_title;֮;;;;;;;;;;X
become_negusa_nagast_desc;ʷϵġʱZemene Mesafintʼ1769꣬1855ֵ˹Tweodros IIǻһʱڣηķѣҲֻܸʾĵλֵ˹Ϊ֮Negusa NagastʱսᣬӴ˿˰ǵִ۹ʱǾмʱ;;;;;;;;;;X
hellenic_parliament_title;ϣ;;;;;;;;;;X
hellenic_parliament_desc;1843ִ꣬ϣĵһ᷽ųͬµĵθʹйͬ䲼ܷϣĳֹϣתһƹңϣԹϣʱĵһ;;;;;;;;;;X
palais_garnier_title;Ҷ;;;;;;;;;;X
palais_garnier_desc;ҶPalais Garnier1875ʽõ1989꣬һֱǰĴӪҶɲ˹ҶCharles Garnierƣֳһ°˷һԺǸʱΪִĽģ¡ҶΪ˹³ľС˵ӰṩС;;;;;;;;;;X
COUNTRYALERT_IsBuildingFactories;ҹе;;;;;;;;;;X
REMOVE_COUNTRYALERT_HasClosedFactories;еѹرյĹ;;;;;;;;;;X
REMOVE_COUNTRYALERT_HasUnemployedWorkers;еʧҵˣ;;;;;;;;;;X
COUNTRYALERT_CanDoReforms;ҹִиĸ;;;;;;;;;;X
COUNTRYALERT_CanDoDecisions;ҹִо飺;;;;;;;;;;X
COUNTRYALERT_IsInElection;ҹھѡ١ڧY$DATE$Wһµִѡ;;;;;;;;;;X
COUNTRYALERT_HaveRebels;ҹѾ;;;;;;;;;;X
REMOVE_COUNTRYALERT_CanIncreaseOpinion;ǿ¹Ҷҹۣ;;;;;;;;;;X
COUNTRYALERT_LoosingGPStatus;ʧȥ˧YǿWλڧY$DAYS$Wûкת罫ٽYǿW;;;;;;;;;;X
COUNTRYALERT_NO_IsBuildingFactories;ҹǰûнκι;;;;;;;;;;X
REMOVE_COUNTRYALERT_NO_HasClosedFactories;ҹûѹرյĹ;;;;;;;;;;X
COUNTRYALERT_NO_HasUnemployedWorkers;ҹûʧҵ;;;;;;;;;;X
COUNTRYALERT_NO_CanDoReforms;ҹ޷ִκθĸ;;;;;;;;;;X
REMOVE_COUNTRYALERT_NO_CanDoDecisions;ҹ޷ִκξ;;;;;;;;;;X
COUNTRYALERT_NO_IsInElection;ҹûѡ;;;;;;;;;;X
COUNTRYALERT_NO_HaveRebels;ǹûб;;;;;;;;;;X
REMOVE_COUNTRYALERT_NO_CanIncreaseOpinion;޷Ҷҹ;;;;;;;;;;X
COUNTRYALERT_NO_LoosingGPStatus;ڲδʧȥYǿWλ;;;;;;;;;;X
COUNTRYALERT_NO_GPStatus;ǻǧYǿW;;;;;;;;;;X
PEACE_DESC;ƽ;;;;;;;;;;X
TOPBAR_TOP5_GOODS;ҹʣ;;;;;;;;;;X
TOPBAR_HISTORICAL_INCOME;ħY$DAYS$WڣǵΪ$MAX$ǵΪ$MIN$;;;;;;;;;;X
TOPBAR_FUNDS;$YESTERDAY$⵱ǰʽY$CASH$W;;;;;;;;;;X
TOPBAR_AVG_LITERACY;ҹڵƽYʶʧWΪY$AVG$W%;;;;;;;;;;X
TOPBAR_AVG_MIL;ҹڵƽYԧWΪY$AVG$W;;;;;;;;;;X
TOPBAR_AVG_CON;ҹڵƽYѶȧWΪY$AVG$W;;;;;;;;;;X
REMOVE_TOPBAR_POPULATION;ҹǰ˿Ϊ$CURR$ҹ˿ı$CHANGE$;;;;;;;;;;X
TOPBAR_TOP_IMPORTS;ҹħY$N$WΪ;;;;;;;;;;X
TOPBAR_TOP_EXPORTS;ҹħY$N$WΪ;;;;;;;;;;X
TOPBAR_ARMY_TOOLTIP;ҹ½ЧY$CURR$W\nҹħYʿW֧֧Y$MAX$W;;;;;;;;;;X
TOPBAR_SHIP_TOOLTIP;ҹĺЧY$CURR$Wҽ;;;;;;;;;;X
TOPBAR_MOBILIZE_TOOLTIP;ԱYƶWǿ٧Y$CURR$W;;;;;;;;;;X
TOPBAR_LEADERSHIP_TOOLTIP;ҹӵЧY$CURR$쵼W;;;;;;;;;;X
TOPBAR_MOBILIZED;ҹѾԱпõĲӣ;;;;;;;;;;X
TOPBAR_DIPLOPOINTS;ҹӵЧY$CURR$W⽻;;;;;;;;;;X
TOPBAR_GOVERNMENT;ҹǰǧY$CURR$W;;;;;;;;;;X
TOPBAR_RULING_PARTY;ҹǰִǧY$CURR$W;;;;;;;;;;X
TOPBAR_UNEMPLOYED;$STATE$ЧY$NUM$WʧҵħY$TYPE$Wռȫ$PERC$W%;;;;;;;;;;X
TOPBAR_XINY;Y$Y$Wڵ$X$;;;;;;;;;;X
TOPBAR_AT_PEACE;ںƽ;;;;;;;;;;X
TOPBAR_FACTION;Y$NAME$WӵЧY$STRENGTH$Wͽƽ֯ȣY$ORG$W%;;;;;;;;;;X
TOPBAR_PROJECTED_INCOME;Ԥÿ룺$VAL$;;;;;;;;;;X
SIDEMENU_menubar_msg_combat;ʾЧYսWϢҼС;;;;;;;;;;X
SIDEMENU_menubar_msg_diplo;ʾЧY⽻WϢҼС;;;;;;;;;;X
SIDEMENU_menubar_msg_unit;ʾЧYλWϢҼС;;;;;;;;;;X
SIDEMENU_menubar_msg_province;ʾЧYʡݧWϢҼС;;;;;;;;;;X
SIDEMENU_menubar_msg_other;ʾЧYWϢҼС;;;;;;;;;;X
SIDEMENU_menubar_msg_event;ʾЧY¼WϢҼС;;;;;;;;;;X
the_scotland_yard_title;ո;;;;;;;;;;X
the_scotland_yard_desc;׶ؾ1829׶񷨰άʱԡոƹΪ֪ܲλڰĺţ걻ΪոΪʱ־Եľ֮һաɼɪϵ˵Ʒʱἰոܰǽһ⡣;;;;;;;;;;X
the_yard;ո;;;;;;;;;;X
the_yard_desc;׶ؾոʱѧƷаˡĦ˹ĸ֡;;;;;;;;;;X
call_geneva_convention_title;߹Լ;;;;;;;;;;X
call_geneva_convention_desc;Ŀŵս۲̶ֲĺá1862귢ⳡս۵Ĺ۲챨桶ŵ¼Un Souvenir de SolferinoԷѳ淢СͨľϿʼһרŴս˺Ĺ֯ͬʱʿй㷺Ѳݽ£ʿ1864ٿһԴᣬƶԼսΪĹԷɡ;;;;;;;;;;X
EVTNAME31311;߹Լ;;;;;;;;;;X
EVTDESC31311;һҰսҽԺ;ҽԺӦΪġֻҪҽԺκβ߻ߣǾӦܵսıء\n\nʿٿһιԻ۹淶ͨһԹԹ淶սΪеĿҶǩ߹Լ;;;;;;;;;;X
EVTOPTA31311;ǵȻҪǩ˵ļ;;;;;;;;;;X
EVTOPTB31311;ǵǰΪӦǩļ;;;;;;;;;;X
signed_the_geneva_convention;߹Լ;;;;;;;;;;X
signed_the_geneva_convention_desc;ҹ߹ԼĵԼ;;;;;;;;;;X
sign_the_geneva_convention_title;ǩ߹Լ;;;;;;;;;;X
sign_the_geneva_convention_desc;ҹδǩ߹Լ˺սΪԱ\nĴʽȻǩ;;;;;;;;;;X
PRODUCTION_SORT_BY_INFRA;ʩ;;;;;;;;;;X
BUILD_ESTIMATED_COST;ȱʵԤѣR$COST$W;;;;;;;;;;X
PRODUCTION_NEED_TECH;ɶԧY$TECH$WоY$GOOD$W;;;;;;;;;;X
PRODUCTION_NEED_FACTORY;ҪY$GOOD$WǱ뽨һY$FACTORY$W;;;;;;;;;;X
PRODUCTION_NEED_RGO;ҪY$GOOD$WҪһʡ;;;;;;;;;;X
pass_folkskolereformen_title;ѧУĸ;;;;;;;;;;X
pass_folkskolereformen_desc;ѧУĸѧУĸĸ1842ͨķɣŻѧƷͯѧУֱ2070ǰڶһֱ֤ϵͳĻڶ֪ʹǳԭ𲽷ϳ;;;;;;;;;;X
folkis_educates;ѧУ;;;;;;;;;;X
folkis_educates_desc;һЧִϵͳڼѧϽˡ;;;;;;;;;;X
the_case_of_edgardo_mortara_title;¼ӶࡤĪ;;;;;;;;;;X
the_case_of_edgardo_mortara_desc;¼ӶࡤĪ1851ڲһ̫ͥ1857ļʱڣĪһŮڵǻͽµΪʩϴ񡣸ϴ񣬽̻ʹ콫¼ӶӼߣΪһͽս̻ʹķɷǻͽĺǽֹΪͽġ¼˵һչյһԵɧȡԼɪʵۺ׶ʱ˿顣ĪԼɳΪһ񸸣ʣµָĸ׼ֵܽõĽӴ;;;;;;;;;;X
the_first_vatican_council_title;ٸԻ;;;;;;;;;;X
the_first_vatican_council_desc;1868̻꣬ʱӻٿ̻ĵڶʮδ󹫻顣塢Ψִʶ̬ٽ˶̽Ķ塣ܴ齨棬ҲԽ̻۵ʽʽһõѧ۸;;;;;;;;;;X
manifesto_on_unshakable_autocracy_title;Զ;;;;;;;;;;X
manifesto_on_unshakable_autocracy_desc;ɳɽĸɽԸֲ֯ƷɱԼº188129գ˾ԶԡԼҵطױеĸĸΪ޳ɶ˹ͳġɶҡĶá;;;;;;;;;;X
promulgate_the_ems_ukaz_title;ķ˹;;;;;;;;;;X
promulgate_the_ems_ukaz_desc;ķ˹ɳɽ1876䲼˾ļӡӡˢƷϽֹڿĸʹãسΪССĶ˹ԡڰ͵°ķ˹һ¹Ȫȼٵأɳʷʱ;;;;;;;;;;X
DOMINION_OF;YW;;;;;;;;;;X
SATELLITE_OF;YǹW;;;;;;;;;;X
SORT_BY_INFRA;ƽʩ;;;;;;;;;;X
tut_menu_0;;;;;;;;;;;X
tut_menu_0_description;̳̽һЩάǶʲôϷԼ淨;;;;;;;;;;X
tut_menu_1;½ͺ;;;;;;;;;;X
tut_menu_1_description;˽ι½ͺ;;;;;;;;;;X
tut_menu_2;;;;;;;;;;;X
tut_menu_2_description;˽Ʒ;;;;;;;;;;X
tut_menu_3;;;;;;;;;;;X
tut_menu_3_description;˽ι˰պͿ֧;;;;;;;;;;X
tut_menu_4;;;;;;;;;;;X
tut_menu_4_description;˽Ƽо;;;;;;;;;;X
tut_menu_5;;;;;;;;;;;X
tut_menu_5_description;˽εɺ͸ĸ;;;;;;;;;;X
tut_menu_6;˿;;;;;;;;;;X
tut_menu_6_description;˽˭˭ǵѣĸײ㣿;;;;;;;;;;X
tut_menu_7;ó;;;;;;;;;;X
tut_menu_7_description;˽óסԼΪҪ;;;;;;;;;;X
tut_menu_8;⽻;;;;;;;;;;X
tut_menu_8_description;˽⽻ս͵޽Լ;;;;;;;;;;X
######################################################################;;;;;;;;;;;X
##### military;;;;;;;;;;;X
######################################################################;;;;;;;;;;;X
tut_1a_1; ;;;;;;;;;;X
tut_1a_2;ӭάǶ·Ľ̳ͳűʱһž޴ǱСȻһ⣬ĺھӸոսˡ;;;;;;;;;;X
tut_1a_3;ѡһλ ;;;;;;;;;;X
REMOVE_tut_1a_4;ǵı߾ԼᣬǱǡҪĵһѡһ֧ȥµ³ľѡһ֧ӣͼѾȦ ;;;;;;;;;;X
tut_1a_5;λ ;;;;;;;;;;X
tut_1a_6;ղѡľӣһʦĸõ12000ɡڵλܿÿһúڵλ㻹ҵЩݣ ;;;;;;;;;;X
tut_1a_7;ʿõսʿ١ȻĹﻹûйõʿЩӻԶ䡣;;;;;;;;;;X
tut_1a_8;ӵĽ졣ԻӰӵı ;;;;;;;;;;X
tut_1a_9;֯ȡɫߣĳ֯ȣ㵥λսԸֵԽߣĲӵսЧҲԽߡ֯սлʧлָɫұߣĳ˱ʱĵλӵıǵλʧһûб䡣;;;;;;;;;;X
tut_1a_10;㲿ӵĲ״ÿֻӶҪһЩάֹЩԶĲֿȡ޷ṩЩ⽫˱ٶȺ֯ȵĻָٶȡ ;;;;;;;;;;X
tut_1a_11;һЩʱͣڵλЩͼϻȡϢ ;;;;;;;;;;X
tut_1a_12;ָ ;;;;;;;;;;X
tut_1a_13;ΪռҪɸĲȥ߾Ȼǲ׶˷أǱָǵĲӡ;;;;;;;;;;X
tut_1a_14;ָ ;;;;;;;;;;X
tut_1a_15;һ֧²ӱˣԿ֯档Ҫѵλ֧ӣƶťƶָӵλƶһλ²ӡ ;;;;;;;;;;X
tut_1a_15a;ָͼ ;;;;;;;;;;X
tut_1a_16;ϲ ;;;;;;;;;;X
tut_1a_17;ɵƯ³Ӧ֧ˡҲע⵽ƮıʱԱߵСӡгһ֧;;;;;;;;;;X
tut_1a_17a;Ȼ˿ܻսʤ֧ӣӦºϲǡһ϶ѡʡλѡʡλϵESCٳһ¡ ;;;;;;;;;;X
tut_1a_18;ѡеλ󣬰ϲӵİť ;;;;;;;;;;X
tut_1a_20;ƶһλ ;;;;;;;;;;X
tut_1a_21;Ҫаĺ˽ϣƶ³Ĳȥ˹صĺӡѡв³ĲȻҼ˹ƶĲӡ ;;;;;;;;;;X
tut_1a_22;ƶһλ ;;;;;;;;;;X
tut_1a_23;עĵλָ˹غյļͷĵλǰʱͷᱻָʾĲѾн˶Զ¼̵Ŀոȡͣ ;;;;;;;;;;X
tut_1a_22b;ƶһλ ;;;;;;;;;;X
tut_1a_22c;ĵλƶˣעͷôġ ;;;;;;;;;;X
tut_1a_24;ս ;;;;;;;;;;X
tut_1a_25;ĵλԺжע㲿·Ľʾ˭ơɫ߹һƣɫұߵĹơøսϸڡ ;;;;;;;;;;X
tut_1a_26;ս ;;;;;;;;;;X
tut_1a_27;սӦѾˡԵõս﷢ʲôȸϸϢһΰոȡͣǺܻܿʤ ;;;;;;;;;;X
tut_1a_28;ս ;;;;;;;;;;X
tut_1a_29;սˣĲӦѾʤˡսܿжĽһ ;;;;;;;;;;X
tut_1a_30;ս ;;;;;;;;;;X
tut_1a_31;ͼѡ񲿶ӵΨһάǶһпĹܡСӺ򿪿Ĵڡ ;;;;;;;;;;X
tut_1a_32; ;;;;;;;;;;X
tut_1a_33;һණĽݾľӣսڽеĽ衣ͨؿϵСͼ ;;;;;;;;;;X
tut_1a_33a;ѡʦڿȡ֧ӡ ;;;;;;;;;;X
tut_1a_34;ͨ·䲿 ;;;;;;;;;;X
tut_1a_35;ΪͻϮǽսߺ󷽵½ȷѾѡȡ˲³Ĳӡעڲ³ոһ֧ӣͷһ ;;;;;;;;;;X
tut_1a_35a;ͨұߵװذťĲװϴ ;;;;;;;;;;X
tut_1a_36;ͨ·䲿 ;;;;;;;;;;X
tut_1a_37;ǱǵĲƶ򡰶̲Ϊ³յĸۿڣڽӱѡкҼ̲ƶͷֺ󣬼Ϸ ;;;;;;;;;;X
tut_1a_38;ͨ·䲿 ;;;;;;;;;;X
tut_1a_39;Ǳ½ȷѡĺעⵥλ½ǵİťѡĲӡҼ׵¶Ĳƶȥ ;;;;;;;;;;X
######################################################################;;;;;;;;;;;X
##### Industry;;;;;;;;;;;X
######################################################################;;;;;;;;;;;X
tut_2a_1;ҵ;;;;;;;;;;X
tut_2a_2;ӭάǶĲҵֽ̡̳ǽѧϰάǶйĲ֣á;;;;;;;;;;X
tut_2a_2a;ΧƽǮʽġͲѣǮƷߴݵߡ;;;;;;;;;;X
tut_2a_2b;ڶĹťɻĹĸſ;;;;;;;;;;X
tut_2a_2c;;;;;;;;;;;X
tut_2a_2d;άǶ֮һƷͨƷǴľĵһСƷ߹߼ȿЩʲôԵڻҪԭϵߡ;;;;;;;;;;X
tut_2a_2e;ͨľ󲿷ֶ㲻½С̵Ļǽó˰ԼƷľӡ;;;;;;;;;;X
tut_2a_2f;һ;;;;;;;;;;X
tut_2a_3;;;;;;;;;;;X
tut_2a_4;ʵԴ;;;;;;;;;;X
tut_2a_4b;ԭϲ - ЩũͿ󾮡ũ͹ܴȻ;;;;;;;;;;X
tut_2a_4c;ֹҵ - Щ̺ͷ֯ǴгƷӹĲƷ;;;;;;;;;;X
tut_2a_4d; - ҲӹƷȻЩδչĵ·ȡϵǿһʱҽģӶ˼ְԱ;;;;;;;;;;X
tut_2a_5;;;;;;;;;;;X
tut_2a_6;ܿҳĻǰշ౻һʾÿĻԱһͼʾһǡ;;;;;;;;;;X
tut_2a_6a;ũ͹ԭϲ;;;;;;;;;;X
tut_2a_6b;˴;;;;;;;;;;X
tut_2a_6c;ֹҵߴĲ;;;;;;;;;;X
tut_2a_6d;԰ͣڸͼõĸϢ;;;;;;;;;;X
######################################################################;;;;;;;;;;;X
##### Budget;;;;;;;;;;;X
######################################################################;;;;;;;;;;;X
tut_3a_1;;;;;;;;;;;X
tut_3a_2;ĹǱʱĹҲȡϵȡ˰ձ֧ƽ⣬ѱԼͶʣӡǱ򿪲Ĳť;;;;;;;;;;X
tut_3a_3;;;;;;;;;;;X
tut_3a_4;ǲ档ɹ֧ҲȡôѸֽǴ˰տʼһ;;;;;;;;;;X
tut_3a_5;˰;;;;;;;;;;X
tut_3a_6;Ҫȡķ˰աԲͬײ㣬˰ʿõòһ;;;;;;;;;;X
tut_3a_6a;ײ㣺;;;;;;;;;;X
tut_3a_6b;ƶײ;;;;;;;;;;X
tut_3a_6c;вײ;;;;;;;;;;X
tut_3a_6d;ԣײ;;;;;;;;;;X
tut_3a_6e;ְͬҵڲͬĽײ㡣ͨ˰ջԵͼЩ;;;;;;;;;;X
tut_3a_6f;˰ͨײĻ趨Ȼ˰ղûкġյ˰Խ࣬ǮԽ١˰ջԿһͼʾײ״֧ƽ¾˰աһ;;;;;;;;;;X
tut_3a_7;֧;;;;;;;;;;X
tut_3a_8;ô˰ʲôأάת֧¿֧֧ԼάӺֳصʽ;;;;;;;;;;X
tut_3a_9;֧֡һǹ̶֧ȡ㹺ĲƷάЩ֧Ϸֵжı䣬ɢһ֧ӡ;;;;;;;;;;X
tut_3a_10;ڶǿͨڵĿ֧ƶԽ࣬㸶ʽҲԽࡣ;;;;;;;;;;X
tut_3a_11;ʱ뿼Ǻÿ֧ȼҪĲӣӾ¿֧ϣϵƶ֧ƶֵı仯עб仯𲽵ģ֧ĻʱƻϣΪšˣһ;;;;;;;;;;X
tut_3a_18;ƽĲ;;;;;;;;;;X
tut_3a_19;ʱҪһƽĲͨʹ֧һ㡣ȻÿƶĻףߵ˰սʲ͵֧ƻ;;;;;;;;;;X
tut_3a_19a;ĲûƽⲢҿʽǽԶȡһʴڣǳƽԤ㡣ÿˣһ;;;;;;;;;;X
tut_3a_20;;;;;;;;;;;X
tut_3a_21;ľҪһڼʱǿԽ赽ǮЩǮԴǰѶǮС;;;;;;;;;;X
tut_3a_21a;ȡһʴǮȴнȡȻҵȡá;;;;;;;;;;X
REMOVE_tut_3a_21b;ͨȡôİťһʴѻƵҪһ;;;;;;;;;;X
tut_3a_22;;;;;;;;;;;X
tut_3a_23;ȡһʴԿĽܶոͬʱҪעʣĴÿҪ֧ϢȻϢܰڱ볥ǵĴڵõġ֮ǰѻƵұߡ;;;;;;;;;;X
######################################################################;;;;;;;;;;;X
##### Technology;;;;;;;;;;;X
######################################################################;;;;;;;;;;;X
tut_4a_1;;;;;;;;;;;X
tut_4a_2;ΪǰҪСܹǿӾӵҵһСҪУ򿪿н档;;;;;;;;;;X
tut_4a_3;н;;;;;;;;;;X
tut_4a_4;ǿн棬ԿʼоĿƼƼΪࣺ½ҵĻ͹ҵʱһչеĹҵǵҵ;;;;;;;;;;X
tut_4a_7;ѡƼ;;;;;;;;;;X
tut_4a_8;еĹҵƼչʾǰɫѾӵеġɫܹоġɫ㻹оġ;;;;;;;;;;X
tut_4a_8a;ڳΪһҵĹУǱ볢ԼǿǵĻʩʵ·;;;;;;;;;;X
tut_4a_9;ʼо;;;;;;;;;;X
tut_4a_10;ע½ǵ仯ˡԿƼɺЧԼܷķʼоʼĿ;;;;;;;;;;X
tut_4a_11;ʼо;;;;;;;;;;X
tut_4a_12;ڱѡĿƼӦñˡζĿڽСͨоĿƼıĿ;;;;;;;;;;X
######################################################################;;;;;;;;;;;X
##### Politics;;;;;;;;;;;X
######################################################################;;;;;;;;;;;X
tut_5a_1;;;;;;;;;;;X
tut_5a_2;̳̽άǶβ֡άǶҪһ֡ϷĽὫ仯µ˼ʼҪĸ;;;;;;;;;;X
tut_5a_2a;͸ĸĹشιȡԸҪ˽θݣڶΡ;;;;;;;;;;X
tut_5a_3;ν;;;;;;;;;;X
tut_5a_4;ܿǰִѡǵĻ⡣㻹ԸıִԿʼһѡ٣һ;;;;;;;;;;X
tut_5a_5;;;;;;;;;;;X
tut_5a_6;ִܿһִһʶ̬ԼһϵеߡЩӰеĹ淶ǷԽֻʱҲſԡҲԲĻơ;;;;;;;;;;X
tut_5a_6a;ʱ嵳ִ԰Ƶͼ˽ĸϢϷᷢ仯ͬʱ仯Ļʶ̬Լֵ֧ӵеͺҪ֮ƽ⡣׼ü˵һ;;;;;;;;;;X
tut_5a_7;ĸ;;;;;;;;;;X
tut_5a_8;ΪӰҵִһϵеθĸ;;;;;;;;;;X
tut_5a_9;θĸӰϵͳĶĸʹʽͬĵȺ;;;;;;;;;;X
tut_5a_10;ӦÿǩĸĸСܸǡԺҲ뱻ǣ¸ĸǷִСһϵбʱĸӣ;;;;;;;;;;X
tut_5a_11;ѡϵͳ-ʱиݲƸѡٵϵͳζֻиԣײвײͶƱ㽫ΪѡȨôеȺͶƱֻǸ˵Ʊ;;;;;;;;;;X
tut_5a_11a;ҽƱ-ʱӵСζһͶ˿ڵ2.5%ֻڲӵгͶʵ¡;;;;;;;;;;X
tut_5a_12;ѡ;;;;;;;;;;X
tut_5a_13;Բ鿴ҵĸܡעͼѡʶ̬ʶ̬ԭǵͶƱϵͳҲһθĸ;;;;;;;;;;X
tut_5a_13a;ֲһЧǵһӮѡٺǴڿܻԴ˸е;;;;;;;;;;X
tut_5a_13b;·ԿǵҪڸĸʱһҪҪǵķ档;;;;;;;;;;X
######################################################################;;;;;;;;;;;X
##### People;;;;;;;;;;;X
######################################################################;;;;;;;;;;;X
tut_6a_1;˿;;;;;;;;;;X
tut_6a_2;˿ҪԴҲάǶҪƶ˿ڻʡʡ֧˰ͶƱڲʱҡ;;;;;;;;;;X
tut_6a_2a;˿ڽõ˿ϢҪԴȣ̸̸˿סʡݺ͵;;;;;;;;;;X
tut_6a_2b;ͼм³ʡݡ;;;;;;;;;;X
tut_6a_3;ʡ;;;;;;;;;;X
tut_6a_4;ͼΪܶʡݣʡСĵλ˿Χھס빤ʡֱֳɸÿһһĸʡݡ;;;;;;;;;;X
tut_6a_4a;ÿʡݶйһЩƷĹ˰ĹԼӶ˵ʱҺ͹ǡ;;;;;;;;;;X
tut_6a_4b;ѡʡݽϷʡ֣¡·ʡݵ֡άǶкܶӵķʽӰ˿ڣҲһֱӰ챾ʡ˿ڵķʽǾǹҽ㡣;;;;;;;;;;X
tut_6a_5;ҪùҽĻʡݽϵҽ㰴ťˡ;;;;;;;;;;X
tut_6a_6;ҽ;;;;;;;;;;X
tut_6a_7;ֶΣҽӰ챾˿ֱЧֶΡ;;;;;;;;;;X
tut_6a_8;· - ʱ޽·;;;;;;;;;;X
tut_6a_9; - ˿ǨӴ˵;;;;;;;;;;X
tut_6a_10;ֳ - ֳأֻڿհ׵ĵʹ;;;;;;;;;;X
tut_6a_11;ת - ˿תΪĳȺ;;;;;;;;;;X
tut_6a_12; - ʱҺ͹ĳһ;;;;;;;;;;X
REMOVE_tut_6a_13;ΪӱʱĹҵҪ๤ˣͼĿꡣ;;;;;;;;;;X
tut_6a_14;˿;;;;;;;;;;X
tut_6a_15;ʡݽҲԲ鿴ʡ˿ڵͼҷֱǵְҵʶ̬塣;;;;;;;;;;X
tut_6a_15a;һ㣬ͼߵĲ鿴ťܿϢԡ;;;;;;;;;;X
tut_6a_16;˿ڽ;;;;;;;;;;X
tut_6a_17;˿ڽ棬Բ鿴ʱȫ˿״³Կ³ϸ鱨ͨѡȡͬʡݡң㽫Բ鿴ͬΧڵ˿״;;;;;;;;;;X
tut_6a_18;˵Ĺɸѡѡȡְͬҵ˿ڴӶõҪ鱨;;;;;;;;;;X
tut_6a_19;ѡȡ˿ڵͳ״ǵְҵԼڽ̡;;;;;;;;;;X
tut_6a_20;иʡ˿ڵģְҵڽֵ̻ĳбΪȺ֪ÿȺҵбеĸâ˼ͼꡣ;;;;;;;;;;X
tut_6a_21;Ⱥ;;;;;;;;;;X
tut_6a_22;Ⱥǰ˿ڵ塢ڽְҵֿС˿ڵλԿȡҲڴ˲鿴Ƕε̬ȡһ;;;;;;;;;;X
######################################################################;;;;;;;;;;;X
##### Trade ;;;;;;;;;;;X
######################################################################;;;;;;;;;;;X
tut_7a_1;ó;;;;;;;;;;X
tut_7a_2;άǶʴӸԴԭϲءֹҵߡЩǮЩ׶Զ͹֮䷢Щҿƣ繺ͲӣԼֺ֧ءЩó׽пơڶеóװť;;;;;;;;;;X
tut_7a_3;ó׽;;;;;;;;;;X
tut_7a_4;ó׽棬ҵгͨϢڽϽǣܿϷеʣԼǵļ۸¼۸仯ҪһЩϢͼꡣ;;;;;;;;;;X
tut_7a_5;;;;;;;;;;;X
tut_7a_6;עϽǵ˱仯ʾʵϸڡ;;;;;;;;;;X
tut_7a_6a;ڶԿ۸ߣʾ˼۸ʱı仯;;;;;;;;;;X
REMOVE_tut_7a_6b;ѡԶ͹ڹѡԶԶҪʡڹǿֻ򱾹ʡ;;;;;;;;;;X
tut_7a_6c;㻹Կ˶ԼߺڵҪһЩһ;;;;;;;;;;X
tut_7a_7;ó;;;;;;;;;;X
tut_7a_8;˿ȥǸвǱΪһЩڣڶԽͲӶǱҪġ;;;;;;;;;;X
REMOVE_tut_7a_8a;ע·ֵͼԱߵĻζѻƶֿеĳֵϷ᳢Թֱӵ;;;;;;;;;;X
tut_7a_8b;һٵͼ꣬ɳۣ㽫Ŀֱ趨ֵϣȷϹ/۰ťΪ˹ȷѻƶԼ10λȷóװťȷ;;;;;;;;;;X
#tut_7a_10;The Common Market;;;;;;;;;;X
#tut_7a_11;Before we continue let's say a word about the markets. In Victoria 2 the world is divided into your internal Common Market and the World Market. The Common Market is everything produced in your country, and also in country's aligned into your sphere of of influence. When your government or your people buy things they will first attempt to buy things on the Common Market and the on the World Market. Anything not sold on the Common Market will be but on the World Market for all countries to buy. Check out what is produced on your Common Market in the lower right corner and then press next to continue.;;;;;;;;;;X
tut_7a_12;ҿ;;;;;;;;;;X
tut_7a_13;ڰĿתҿ档Կ˶Լǰһı仯ͬʱעťťڴĿﹺսʱ޷ӹ⹺ʱǳã׼սʵĻ;;;;;;;;;;X
tut_7a_15;ڼϷ쿴ôġ;;;;;;;;;;X
######################################################################;;;;;;;;;;;X
##### Diplomacy ;;;;;;;;;;;X
######################################################################;;;;;;;;;;;X
tut_8a_1;⽻;;;;;;;;;;X
tut_8a_2;⽻άǶ֧ҪĹߡ齨ͬԼսСΧעǿ֮еĵλڶе⽻ť;;;;;;;;;;X
tut_8a_3;⽻;;;;;;;;;;X
tut_8a_3a;⽻档ҵ⽻Լ۲Ĺҡ;;;;;;;;;;X
tut_8a_3b;ҪɵĵһǶǱĵ˲ȡжȻǿһЩҪѡӢһܺõĺѡ½ǵĹбҵӢʹбϵĹ˰ťҵӢ;;;;;;;;;;X
tut_8a_4a;Ϣ;;;;;;;;;;X
tut_8a_4b;ѡӢǺǰҪ֪ǲϲǡղŵбұֵ߲֡Ƚϵ͵ӦùˡǼǷĳͻϷʾսť;;;;;;;;;;X
tut_8a_5;Ϣ;;;;;;;;;;X
tut_8a_6;ڽϷӦÿԿڽеսӦܿ¿˹ںǰīͳսҲмƫҵλò鿴ӢѼս״;;;;;;;;;;X
REMOVE_tut_8a_7;Ӣ˵Ļǵô⽻֡⽻˴ӽ˵սĸѡҪִ⽻ĻҪ⽻ÿ¶ҡϷ⽻ǿԿУ⽻պӢˡȥ⽻е롮ܡӢǽˡ;;;;;;;;;;X
tut_8a_8;ս;;;;;;;;;;X
tut_8a_9;Ӣǵˡһ˵ҪȼܵõĴ𸴣εǺܿġڸöԸˡ⽻еսť;;;;;;;;;;X
tut_8a_10;ս;;;;;;;;;;X
tut_8a_11;ҪսһսĿ꣬սʱѡսĿ޵ġս˳ĻԼĿ꣬ҪûЩĿĻǵǻġֻҪսʤĻܼٶԷ谴ť;;;;;;;;;;X
tut_8a_12;ս;;;;;;;;;;X
tut_8a_13;սд۵ģϵҽοǡһжֵ̫ߵĻǽкܶ鷳ҽƲҹ;;;;;;;;;;X
tut_8a_14;սҲнġսĿ֮ҲܻһЩֵսĿĲͬҲͬ;;;;;;;;;;X
tut_8a_15;ÿսĿҲҪһս÷ɡս÷ԽߣйԽ׽Ҫ;;;;;;;;;;X
tut_8a_16;Ѿ¾㱸ֻǷˣͬ⡱ťȥԷսɡ;;;;;;;;;;X
######################################################################;;;;;;;;;;;X
##### General;;;;;;;;;;;X
######################################################################;;;;;;;;;;;X
tutorial_chapter_military_basic;½̳̽;;;;;;;;;;X
tutorial_chapter_military_victoria;м½̳̽;;;;;;;;;;X
tutorial_chapter_industry_basic;̳̽;;;;;;;;;;X
tutorial_chapter_industry_victoria;м̳̽;;;;;;;;;;X
tutorial_chapter_budget_basic;̳̽;;;;;;;;;;X
REMOVE_tutorial_chapter_budget_victoria;м̳̽;;;;;;;;;;X
tutorial_chapter_technology_basic;н̳̽;;;;;;;;;;X
tutorial_chapter_technology_victoria;мн̳̽;;;;;;;;;;X
tutorial_chapter_politics_basic;ν̳̽;;;;;;;;;;X
tutorial_chapter_politics_victoria;мν̳̽;;;;;;;;;;X
tutorial_chapter_population_basic;˿ڽ̳̽;;;;;;;;;;X
tutorial_chapter_population_victoria;м˿ڽ̳̽;;;;;;;;;;X
tutorial_chapter_trade_basic;ó׽̳̽;;;;;;;;;;X
tutorial_chapter_trade_victoria;мó׽̳̽;;;;;;;;;;X
tutorial_chapter_diplomacy_basic;⽻̳̽;;;;;;;;;;X
tutorial_chapter_diplomacy_victoria;м⽻̳̽;;;;;;;;;;X
tutorial_chapter_end;ѡһ;;;;;;;;;;X
tutorial_continue_basic;$TYPE$;;;;;;;;;;X
tutorial_continue_intermediary;м$TYPE$;;;;;;;;;;X
tutorial_continue_advanced;߼$TYPE$;;;;;;;;;;X
tutorial_continue_end;Ŀ¼;;;;;;;;;;X
LEDGER_HEADER_RANK;;;;;;;;;;;X
chapter_name_0;;;;;;;;;;;X
chapter_name_1;½ͺ;;;;;;;;;;X
chapter_name_2;;;;;;;;;;;X
chapter_name_3;;;;;;;;;;;X
chapter_name_4;;;;;;;;;;;X
chapter_name_5;;;;;;;;;;;X
chapter_name_6;˿;;;;;;;;;;X
chapter_name_7;ó;;;;;;;;;;X
chapter_name_8;⽻;;;;;;;;;;X
######################################################################;;;;;;;;;;;X
##### Tutorial ;;;;;;;;;;;X
######################################################################;;;;;;;;;;;X
FE_BASIC;;;;;;;;;;;X
FE_MEDIUM;м;;;;;;;;;;X
FE_ADVANCED;߼;;;;;;;;;;X
FE_START_ALL_CHAPTERS;ͷʼ;;;;;;;;;;X
TUT_NEXT;һ;;;;;;;;;;X
######################################################################;;;;;;;;;;;X
##### Miltary Medium;;;;;;;;;;;X
######################################################################;;;;;;;;;;;X
tut_1b_1; - м;;;;;;;;;;X
tut_1b_2;½ڣǽô˽һЩάϵϤģҾİľϵͳڶ˵°ť½;;;;;;;;;;X
tut_1b_3;;;;;;;;;;;X
tut_1b_4;Ǿ壬 Բ鿴ľӺͽ죬ļӺͶԱȫս 齨½ťʼļӡ;;;;;;;;;;X
tut_1b_5;˿;;;;;;;;;;X
tut_1b_6;άУĸParadoxϷͬеľӶǴְҵΪʿ˿ڣʿȺļġӵǰ˿㹻ʿʵӡбʾļĵλҪļ൥λӾԤ㣬ξ ¡ ;;;;;;;;;;X
tut_1b_7;ӵĳɱ;;;;;;;;;;X
tut_1b_8;ղŵĵλС¡˲ ʾһ֧¡ʿɵĳ沽λλƵ·ʾ³ʾӵʿסڲ³;;;;;;;;;;X
tut_1b_9;λߵͼִ˽ҪʡλҪ2020ͷʳЩĿ档治㣬Ҫȫгй;;;;;;;;;;X
tut_1b_10;ĵλʾĻҲĽУȡرհťһֽ̡̳;;;;;;;;;;X
tut_1b_11;½;;;;;;;;;;X
tut_1b_12;Ҫȡʤӱнȷָӡ ļ½ͺ쵼;;;;;;;;;;X
tut_1b_13;쵼ǴְҵΪٵ˿ڣȺвġҪļཫ죬ԤӾԤ㣨ʿһٺʿǣʿǴƶ˿ļģǴӸԣ˿ļġ;;;;;;;;;;X
tut_1b_14;ļ찴ťԵڵ쵼ܹļĽ½찴ť;;;;;;;;;;X
tut_1b_15;;;;;;;;;;;X
tut_1b_16;˽ԣԿĻкġͣصϿʾ顣ǺǻнľԶûнľǿ;;;;;;;;;;X
tut_1b_17;鿴ڴĲӣ½ĿǰûбָӲӡ;;;;;;;;;;X
tut_1b_18;ѡԶ佫ָӲӺԶļ졣;;;;;;;;;;X
REMOVE_tut_1b_19;ֶ佫ָӲӣ 밴ͷķѡλ˹Ĳӡ;;;;;;;;;;X
tut_1b_20;佫;;;;;;;;;;X
tut_1b_21;ûָӹ٣ķȻѡ졣;;;;;;;;;;X
######################################################################;;;;;;;;;;;X
##### Production Medium;;;;;;;;;;;X
######################################################################;;;;;;;;;;;X
tut_2b_1; - м;;;;;;;;;;X
tut_2b_2;½ڣǻô˽һЩǺϤάϵеߣԭϲء³ʡʡ塣;;;;;;;;;;X
tut_2b_3;ԭϲ;;;;;;;;;;X
tut_2b_4;ܶԭϲġԭϲػָũͿ󳡡ʡпԿ³ʡԭϲأǿ;;;;;;;;;;X
tut_2b_5;Ʒ - ͼʾԭϲǣԱߵʾͣڲƷϿԿӰء;;;;;;;;;;X
tut_2b_6; - ԭϲصĲƷгԭϲڳɹƷ롣뽫͹˺ӵЩԭϲصĹ塣;;;;;;;;;;X
tut_2b_7;Ա - ԭϲعӶũ͹ũͿйĹԱĲƷԱǱ޶ġ;;;;;;;;;;X
tut_2b_8;޷ֱӰԭϲصĲͨоƼ·˰ƸĸǸЧʺ;ùͣڸСͼϷԿϡɺ˵ť;;;;;;;;;;X
tut_2b_9;;;;;;;;;;;X
tut_2b_10;ʾ˽ڸʡĹ;;;;;;;;;;X
tut_2b_11;ԭ - ҪгɹԭƷ;;;;;;;;;;X
tut_2b_12; - ԭ⣬Ҫˮбȱˮᵼ²͡;;;;;;;;;;X
tut_2b_13;ȱ㹻ԴʱѡĳǼҪģ水ťָʾֳʹԴȨ;;;;;;;;;;X
tut_2b_14;칤;;;;;;;;;;X
tut_2b_16;Ľ;;;;;;;;;;X
tut_2b_17;ڴ˰ʾ˿ԱĹ;;;;;;;;;;X
tut_2b_18;ڲ˵ͨ﹤Բ鿴ùԭǱġڱʱѾз֯ƷԷ֯ƷΪԭϵĹǿؾá;;;;;;;;;;X
tut_2b_19;Կ칤Ľԭϡڵ찴ťʱԶгйԭϡ⣬гԭϷѡԭϷָڹͷ죬򹤳ԭϵĿ;;;;;;;;;;X
tut_2b_20;ڴĿʾʧҵȱʧҵ˵£½Ĺ𽥹ְҵתĹˡ;;;;;;;;;;X
tut_2b_21;ѡ񹤳׼ǣӦ쵱ؿԭ϶ƷĹʼͨﳧ;;;;;;;;;;X
tut_2b_22;;;;;;;;;;;X
tut_2b_23;ͨӹĲһʱͬȡϵͳĻѺ½һƹԽͣť鿴ѡ;;;;;;;;;;X
tut_2b_24;ťֳ;;;;;;;;;;X
tut_2b_25;ӯ;;;;;;;;;;X
tut_2b_26;ĲƷȫг۶ȡڵǰ۸۶һֻڹԭϣµıӯӯ֧ˣְԱϰ壨ʱңҲֱӵĻӯĽǮֻͨ˰պ͹˰ӵĻýǮȷӯ޷ӯĹԱʧҵһ;;;;;;;;;;X
######################################################################;;;;;;;;;;;X
##### Budget Intermediary;;;;;;;;;;;X
######################################################################;;;;;;;;;;;X
tut_3b_1; - м;;;;;;;;;;X
tut_3b_2;½ڣǻô˽ParadoxϷвһάǶеĲ򿪲档;;;;;;;;;;X
tut_3b_3;˿˰;;;;;;;;;;X
tut_3b_4;άǶ˰ȡ˿ڵ롣ÿ˿ڻһ룬ͨ˰ջвֽ˿ڱΪײ㣺;;;;;;;;;;X
tut_3b_5;ƶײ - ˺ũ;;;;;;;;;;X
tut_3b_6;вײ - ֹҵߣʦܹý˿ڵвײ㡣;;;;;;;;;;X
tut_3b_7;ԣײ - ˹ʱҵᡣ;;;;;;;;;;X
tut_3b_8;ײԵͼʾ˸ýײ״Ƿõ㹻衣ĺɫͨ˰հǸͣھ˿ͼԿְͬҵ˵״һ̡̳;;;;;;;;;;X
tut_3b_9;˰;;;;;;;;;;X
tut_3b_10;˰ָԹó׵Ŀ˰߲˰ұ߻˿ں͹ʱĸɹǵĹ;;;;;;;;;;X
tut_3b_11;˰ͱҵ˫á;;;;;;;;;;X
tut_3b_12;һ;;;;;;;;;;X
tut_3b_13;֧;;;;;;;;;;X
tut_3b_14;ֲܸͬĻ֧;;;;;;;;;;X
tut_3b_15;ҵ - ֧ûӯĹм;;;;;;;;;;X
tut_3b_16;ִ֧ - ֧ó׽趨ÿó׷áϷֱ֣ǾĺͺάĻѡЩֻӵӰִ֧Ϊά־ӺʲҪʡ磬ڽ칤ļҪ½򺣾ҪԶ׻ֶ׹άõƷ;;;;;;;;;;X
tut_3b_17;֧ - ְ֧ԱнˮְԱнںͽ˿ھѶȵá֧ԽߣԽ˿ΪְԱ;;;;;;;;;;X
tut_3b_18;֧ - ֧ŵнˮŸĸ˰Ĺſʹ˰ЧʡȫЧʾ֧Ϸ;;;;;;;;;;X
tut_3b_19;Ὺ֧ - ֧ĸãʧҵȼýϽ;;;;;;;;;;X
tut_3b_20;¿֧ - ֧ʿ;ٵнˮ;;;;;;;;;;X
tut_3b_21;Щֱ֧֧͵Ĺ㸶Ǯ̫٣Щ˻ῪʼѰ¹㸶Ǯְܶ࣬ҵˣȻҲ֧оѵ֧ʹڸҵйҪġһ;;;;;;;;;;X
tut_3b_22;⽻֧;;;;;;;;;;X
tut_3b_23;⽻ҲԲ֧սǿҪǮѹҲܻյѹ֧ԮսҲܴ롣һ;;;;;;;;;;X
######################################################################;;;;;;;;;;;X
##### Technology Intermediary;;;;;;;;;;;X
######################################################################;;;;;;;;;;;X
tut_4b_1; - м;;;;;;;;;;X
tut_4b_2;һ½УǽһϤжԹҵӰ˵Ŀаťн档;;;;;;;;;;X
tut_4b_3;о;;;;;;;;;;X
tut_4b_4;ÿƼоСоָڸƼо֮ӵеоƼϢ鿴ÿƼоһ;;;;;;;;;;X
tut_4b_5;о;;;;;;;;;;X
tut_4b_6;о˿ɣ˵ְԱ͹šʶʡҶԪ̶ȺͿƼչӰоɡ뽫ͣڶ˿ƼťϷ鿴ʱӵеоһ¿ƼӰ죬½սԻƼ;;;;;;;;;;X
tut_4b_7;ƼЧͷ;;;;;;;;;;X
tut_4b_8;Ƽз˫Ӱ죬ֱǼʱЧͷϢ˵սԻӰҪȼ½ͲġЩЧڿƼзɹʱЧ;;;;;;;;;;X
tut_4b_9; - עƼԵĵݣЩ뽫ͣǷۿǵӰ졣ЧǼʱģڿƼзɺ󣬰һġɫĵݱʾ޷ɫʾпܶɫѾ;;;;;;;;;;X
tut_4b_10;ҿоһʲôķӦĿƼʲôȻһ;;;;;;;;;;X
######################################################################;;;;;;;;;;;X
##### Politics - Medium;;;;;;;;;;;X
######################################################################;;;;;;;;;;;X
tut_5b_1;;;;;;;;;;;X
tut_5b_2;һ½ڽάеһЩϵͳ˵ΰť;;;;;;;;;;X
tut_5b_3;ִ;;;;;;;;;;X
tut_5b_4;ʾ˱ʱִصӵ߶ԹشӰ죬Ҿܲõߡ·Կڵߡϲʱ壬ߵЧ֮һҿֶ칤¿ֻ˿еʱܽ칤ߵһҪӰƲʹɡʱ᲻˰յĳ̶ȡһ;;;;;;;;;;X
tut_5b_5;;;;;;;;;;;X
tut_5b_6;ϲִʱܻἫִ廹ֹܽĳЩʶ̬Ȩʱƣڴƶѡ٣ҿԲ֧߶ԵӣѡƷѡٽһִɸθĸĽģֻԼӵķʽġٸӣûͶƱȨϳ¼ڡһ;;;;;;;;;;X
tut_5b_7;ѡ;;;;;;;;;;X
tut_5b_8;ЩѡٵķʽִƺơѡٱÿһʱУҿԵѡٵİťǰѡѡٿʼ󣬾ѡҲ󡣾ѡгᷢ¼źɿ˵ѡٽھѡͶƱ߸Լִֵֵ֧עͶƱߺȫδȣڱʱֻи˲ſͶƱһ;;;;;;;;;;X
tut_5b_9;θĸ;;;;;;;;;;X
tut_5b_10;θĸϵͳεĿӰ졣ͶƱȨѡƶȾ˭ͶƱͶƱ˭ķأýȨӰܽ˿ڵθĸԭͨĺҲϣľǰ;ĸһ;;;;;;;;;;X
tut_5b_11;ĸ;;;;;;;;;;X
tut_5b_12;ĸӰŹĸЩĸӹҵЧʣ߹ʱơһЩԽĽǮײеĸԹҷǳ棬Ҫעĸ֧;;;;;;;;;;X
tut_5b_13;;;;;;;;;;;X
tut_5b_14;·Կξ顣Щ߶ԹҪӰ죬ıѧͳ˺Ӻͳһ־ͣʺϿԿִоǰͣڴ򹴰ťϿԿӰ졣򹴰ťǻɫģʾ޷ִЩ飬Ϊûǰһ;;;;;;;;;;X
tut_5b_15;Ѽ;;;;;;;;;;X
tut_5b_16;ĮѵսԵӣǻῪʼ뷴ѼţЩᱻʾڸôڡѼһȺ״־ͬϵɵġǿԿʱһ弯šֵҷֵǷֱǣ;;;;;;;;;;X
tut_5b_17;Ա - ּ֧ŵ;;;;;;;;;;X
tut_5b_18;֯ - ŵʵֵڲ˿ȡôʱӡ;;;;;;;;;;X
tut_5b_19;Ҷ - ֵ˼ķա;;;;;;;;;;X
tut_5b_20;һѼžʱһѾ֯ҶȾСģĳȺԹߣ᲻ܼŵ壬Ļʡսлܣ߽ԸߵȺ󣬲Ѽš˿鿴Ⱥʲô;;;;;;;;;;X
######################################################################;;;;;;;;;;;X
##### People - Medium;;;;;;;;;;;X
######################################################################;;;;;;;;;;;X
tut_6b_1;˿;;;;;;;;;;X
tut_6b_2;һ½ǻܸйȺĸ˵˿ڰť̡̳;;;;;;;;;;X
tut_6b_3;Ⱥ;;;;;;;;;;X
tut_6b_4;άǶУ˿ĵλȺһȺͬһʡڣͬһְҵһ˿ڡÿȺԣǽϤǡȺͼ̡̳;;;;;;;;;;X
tut_6b_5;Ⱥ;;;;;;;;;;X
tut_6b_6;ܽһ˽Щ ǵԣ;;;;;;;;;;X
tut_6b_7; - ʾȺԺ塣ЩҶ岻̣˵´Ħ;;;;;;;;;;X
tut_6b_8; - ʾȺĳ̶ȡ;;;;;;;;;;X
tut_6b_9;Ѷ - ʾȺΪԼȨ˽̶ȡ;;;;;;;;;;X
tut_6b_10;ʶ - ʾȺʶʡӰоȺΪиҵʿЧԼȺȡ;;;;;;;;;;X
tut_6b_11;ڽ - ʾȺڽ̲һĦ;;;;;;;;;;X
tut_6b_12;ʧҵ - ʾȺУһʧҵˡ;;;;;;;;;;X
tut_6b_13; - ʾȺʵ˶١޷ʱᵼ¸ֽ޷ݳƷʱȺܻ᲻֣޷Ʒζż;;;;;;;;;;X
REMOVE_tut_6b_14;رմڼ;;;;;;;;;;X
tut_6b_15;  Ѷ;;;;;;;;;;X
tut_6b_16;ǽһ̽ҪָԺ;Ѷ;;;;;;;;;;X
tut_6b_17;Ѷ - ѶȶϷƶĸϷĽչ͹ҵķչѶȻῪʼҪĸȺĸĸѶȻ½һЩѶһҪӰȺῪʼиʹøԣĶпͨ¸ֶλرܸĸ;;;;;;;;;;X
tut_6b_18; - ȺŭҪһ޷衣ȺķŭŸߵıҿԡһȺȷŭʱԼеԴȥƷΪѾ;;;;;;;;;;X
tut_6b_19;һ;;;;;;;;;;X
tut_6b_20;ֽ;;;;;;;;;;X
tut_6b_21;ע⵽ȺӵֽȺµְҵֽЩǮ衣ȺжĽǮڹдʹùҿнʹʽǮ;;;;;;;;;;X
######################################################################;;;;;;;;;;;X
##### Trade - Medium;;;;;;;;;;;X
######################################################################;;;;;;;;;;;X
tut_7b_1;ó;;;;;;;;;;X
tut_7b_2;һ½ǻάǶó׵ĸ˵óװťó׽档;;;;;;;;;;X
tut_7b_3;ȫг;;;;;;;;;;X
tut_7b_4;άǶУвƷȫгͨÿеȺͼгﹺ衢ԭϺ͸Դһ̡̳;;;;;;;;;;X
tut_7b_5;۸;;;;;;;;;;X
REMOVE_tut_7b_6;۸ÿгȫ͹ġ͹Ĳƽһ۸ ۸۸£ҾҪƷļ۸ 磬ļ۸Ҳ͵˽¹ʱˡ ;;;;;;;;;;X
tut_7b_7;ɹ;;;;;;;;;;X
tut_7b_9;Զɹ;;;;;;;;;;X
tut_7b_10;Щó׿ԶУά½ͺʲʣԼ콨ҪԭϡעԶ׵ķǴ˵ģʾԶеġֶף㷽ȡ;;;;;;;;;;X
tut_7b_11;ֶɹ;;;;;;;;;;X
tut_7b_12;ֶó׿ѻƶĳƷÿ칺ѻŵλãʾĿ潫άˮƽƷȷ׵İť;;;;;;;;;;X
tut_7b_13;ںͳ;;;;;;;;;;X
tut_7b_14;гΪ֣гȫгͬгָгͬһΧҵг֮͡г˹ͬг֮Ʒ׼ʱȳԴӹͬг򡣵ͬгĴҪʱгڡ豾õȷʽȷƷڱ졣һ;;;;;;;;;;X
######################################################################;;;;;;;;;;;X
##### Diplomacy - Medium;;;;;;;;;;;X
######################################################################;;;;;;;;;;;X
tut_8b_1;⽻;;;;;;;;;;X
tut_8b_2;½ǻһ⽻档ڶ˵⽻ť;;;;;;;;;;X
tut_8b_3;;;;;;;;;;;X
tut_8b_4;άǶУǳҪƺءָۺ϶ɣ;;;;;;;;;;X
tut_8b_5; - ڸĽҵ״ӮսֳػչĻǼҪֵΪߵĹȫгȹȨߵĹȨȹκʡ;;;;;;;;;;X
tut_8b_6;ҵ - ҵǿҵʵ칤·;;;;;;;;;;X
tut_8b_7; - ·ھʵսṩߵķӳɡע⣬ͽ󣬱ʱ̭ϴһǮֵ;;;;;;;;;;X
tut_8b_8;⼸ۺһڹбе#Żȡ;;;;;;;;;;X
tut_8b_9;б;;;;;;;;;;X
tut_8b_10;ֽҪĹӢǱʱаŬ;;;;;;;;;;X
tut_8b_11; - ҵƺĹ졣;;;;;;;;;;X
tut_8b_12;Ӱ - ѡʲôȽӰ졣ֻǿҿԶԷǿôϧǹʵá;;;;;;;;;;X
tut_8b_13;ǿӰ - Բ鿴˸ǿҸԶӰ̶ȡ;;;;;;;;;;X
tut_8b_14;Χ - Բ鿴һǷΧڡ;;;;;;;;;;X
tut_8b_15;÷ - ˳ֱǹҵҵ;;;;;;;;;;X
tut_8b_16; - зǿҶǿԼۡӡ⡱ΧڡЩ۾һǿҵĻӭ̶ȡһǿҳѺ̬ȶǿ㹻Ӱѡ񽫸ùԼΧڡ;;;;;;;;;;X
tut_8b_17;ϵ - ˹ĹϵѡӴֵøùѺãֵ֮ǻع㡣;;;;;;;;;;X
tut_8b_18;ںΧ¬ɭ;;;;;;;;;;X
tut_8b_19;Ϣ - ǿ;;;;;;;;;;X
tut_8b_20;Կ¬ɭĹϢ;;;;;;;;;;X
tut_8b_21;ԿùǾԾƵĿңɱִ;;;;;;;;;;X
tut_8b_22;ҵ÷֡;;;;;;;;;;X
tut_8b_23;Ȼ˿ںϢ;;;;;;;;;;X
tut_8b_24;Կǿ¬ɭжٵӰ죬ҳΪǿϢͱ÷ǳҪˡ;;;;;;;;;;X
tut_8b_25;бҵӢ;;;;;;;;;;X
tut_8b_26;Ϣ - ǿ;;;;;;;;;;X
tut_8b_27;ӢǿңʵǿϢƣǿӰ죬ΧҳΪǿҺҪľʲôҡһ;;;;;;;;;;X
######################################################################;;;;;;;;;;;X
##### military - advanced;;;;;;;;;;;X
######################################################################;;;;;;;;;;;X
tut_1c_1;£߼ ;;;;;;;;;;X
tut_1c_2;һ½УǽάǶһЩ߼ĸһЩһûнӴĸѡıʱӿʼ̡̳ ;;;;;;;;;;X
tut_1c_3;˿ڵϵ ;;;;;;;;;;X
tut_1c_4;άǶУÿһ֧ӶҪһȺ˿ڵһ֣ΪļԴעеԱ߶һʿͼ꣬ͼӺһʿȺϵš󲿷ֵĲӶǺʿϵŵģЩȫսжԱĲӡ ;;;;;;;;;;X
tut_1c_5;ϵάǶзǳʵӵʧϵŵȺϡȺĻӦľҲһҡӦúúüסһ㣬ر㶯Աȫ˿ڲԵսʱ򡣵һ ;;;;;;;;;;X
tut_1c_6; ;;;;;;;;;;X
tut_1c_7;ĲӻҪܴ̣½ҪͷʳƷҪЩƷгй򣬹̿ó׽ԶĬϣֶСŵϿԿֻӵǷõ㡣һ ;;;;;;;;;;X
tut_1c_8; ;;;;;;;;;;X
REMOVE_tut_1c_9;֮ǰ˵һϵPOPĻӦĲҲһҡԿǵһ֧һϵͼ꣬˵ӦPOPһϵǳΣա鿴POP״̬ڵķ֮һǵ˿ͼ꣬Ӧ˿ڽᱻ򿪡һ ;;;;;;;;;;X
######################################################################;;;;;;;;;;;X
##### Production - Advanced;;;;;;;;;;;X
######################################################################;;;;;;;;;;;X
tut_2c_1;߼ ;;;;;;;;;;X
tut_2c_2;һЩʲĸ߼ĸȵϷť;;;;;;;;;;X
tut_2c_3;ֹҵ ;;;;;;;;;;X
tut_2c_4;άǶʵΨһ桱УԿбʡעЩԱһֹҵߵͼ꣬˵ֹҵġ ;;;;;;;;;;X
tut_2c_5;ֹҵ߲ڹԭϲ﹤ǴгҪʲЩԭϼӹµȻȥ֮ûֹҵߵƷֹҵϷǶμӹƷҪߣϷƽǻᱻ¿ƼĹѹ䣬һ ;;;;;;;;;;X
tut_2c_8; ;;;;;;;;;;X
tut_2c_9;ֹҵƣԭϲҲҪǵĲƷг׬Ǯάתüȥԭ֧ԭϲû֧ǵȻЩЩȺ;;;;;;;;;;X
tut_2c_10;ߣԭϲصߣʱǹߡǻļӳɣΪرǽӦһ󲿷Ȼᱻȫƽ֡ ;;;;;;;;;;X
tut_2c_11;ˣԭϲضӦũ͹ӦְԱ˽ֵöӦԭϲصʣµ͹ʻӰǵƷ ;;;;;;;;;;X
tut_2c_12;ʱ򹤳ҪҵһС֪ʲôĻһ ;;;;;;;;;;X
tut_2c_13; ;;;;;;;;;;X
tut_2c_14;ʱܻϣһĹУҪҪսԴ߽ù˼š֤ǮĹ֧ѡйѡʼֳ ;;;;;;;;;;X
######################################################################;;;;;;;;;;;X
##### Budget Advanced;;;;;;;;;;;X
######################################################################;;;;;;;;;;;X
tut_3c_1;߼ ;;;;;;;;;;X
tut_3c_2;һЩڲĸ߼ĸƽԱǴ򿪲档 ;;;;;;;;;;X
tut_3c_3;֧֧Ա ;;;;;;;;;;X
tut_3c_4;󲿷ֵĿ֧֧ԱнˮЩ֧ᱻͬһ͵Ⱥ֡㸶ǶнˮЩȺһǵ񡣲ûʵĻЩ˻Ὺʼתְҡ෴㸶Ǻܶнˮ˻תЩҵζҪĳ͵ˣʿ߹ţ߲ǵʽ𡣵Ҫעһ£ǹˡһЩԱһ ;;;;;;;;;;X
tut_3c_5;֧ ;;;;;;;;;;X
tut_3c_6;ǵĽ֧ߵְԱǲд֣ͬʱ ;;;;;;;;;;X
tut_3c_7;;ѶȣְԱʡݵȺľѶ٣Чƶײϸԡ ;;;;;;;;;;X
tut_3c_8;ʶʣְԱʡݵʶʻְԱռ˿ڱﵽ4%ԺٶְԱҲߴЧ;;;;;;;;;;X
tut_3c_9;һ֡ ;;;;;;;;;;X
tut_3c_10;֧ ;;;;;;;;;;X
tut_3c_11;ǵ֧ǵĹţǱִ֤ҵתЧ ;;;;;;;;;;X
tut_3c_12;ЧʣĹЧӰĹ˰ЧʺĸЧЧĿƼ˿ڵıЧĹűĸӡԽĸҪԽĹš֪ҪٹŵĻŵűϡ ;;;;;;;;;;X
tut_3c_13;ΪõĹǣӦðǱһŵıϡοһȡι֧˿ǷԼĹ⡣һ ;;;;;;;;;;X
tut_3c_14;Ὺ֧;;;;;;;;;;X
tut_3c_15;Ὺ֧ΪĸṩѡЩǮֱӸκԱǸĸӦءʧҵʧҵȺϽǱȺ֡ԿʱĻΪ0Ϊûκĸǽ֧۶ʼƽۣһ ;;;;;;;;;;X
tut_3c_16;ƽ ;;;;;;;;;;X
tut_3c_17;ϡнһʣǲгϳֱۣӱǮָ󳡵ĹԱƸÿ󳡵ĹҡעάǶľϵͳΨһֱӲǮĵطӵĻᵼͨ͡Ǹ˽һ´һ ;;;;;;;;;;X
tut_3c_18; ;;;;;;;;;;X
tut_3c_19;ƪ̳֮ǰᵽһܿԴȻ˵ƽǻҽ뾭ϵͳеΨһ;ӦоһǮǴġ ;;;;;;;;;;X
tut_3c_20;Ⱥ׬ǮͬʱеһִСһҪǮʱЩǮӸȴӱĳ֮ǸչеĴС㻹ûдڴһ㣬Ȼһ ;;;;;;;;;;X
tut_3c_21; ;;;;;;;;;;X
tut_3c_22;ڡб￴һϵйңЩծȨ㸶Ϣ廹ʱЩǮծȨ˳»صծȺС ;;;;;;;;;;X
tut_3c_23;޷ϢʱᱻΪвܡ£ծȨǵĺʹ㶨һЩڳծľߡвܷǳ⣬Ӧþܱһ ;;;;;;;;;;X
######################################################################;;;;;;;;;;;X
##### Politics - Advanced;;;;;;;;;;;X
######################################################################;;;;;;;;;;;X
tut_5c_1;;;;;;;;;;;X
tut_5c_2;ڱǽάǶмҪθǴν档;;;;;;;;;;X
tut_5c_3;Ԫ;;;;;;;;;;X
tut_5c_4;ǶԪԡӳĹڴĸ˿ڡԽߵֵĸĺҲԽߡǿԴĽʿõоԪԻʱƶӣҲһĿƼͣڶԪϣܲ鿴ʱǰĶԪԡ;;;;;;;;;;X
tut_5c_5;;;;;;;;;;;X
tut_5c_6;ҹڹܵĲķŭҹʧȥĳĵӣֱ½ػʱﵽһ̶ʱ񽫻ɳͷ˹塣;;;;;;;;;;X
tut_5c_7;Ժ;;;;;;;;;;X
tut_5c_8;ԺǸĸ﷽ƶĹؼĳЩɿԺʱܻ޷ĳЩĸθĸΪͬиԲͬĸĸ̬ȡ統˹Ұʱǲ֧κεĸĸֱصڹߵĶԶԸĸʱ;;;;;;;;;;X
tut_5c_9;ԿĿǰʱԺ֧Щĸ˼롣;;;;;;;;;;X
tut_5c_10;ԺɵĹȡԺ߸ĸͣڲͬѡ鿴ͬڸĸһ;;;;;;;;;;X
tut_5c_11;ĸﻨ;;;;;;;;;;X
tut_5c_12;ĸǵĸáһɱ⡣󲿷ֵĸĸĹŻĿ֧ģ⣬ʧҵݽֱ֧յģ֧ı衣ݽ֧ȫ幫ģɹ֧ÿ˿20%衣ʧҵ֧ʧҵ˿ڵġһǵĽ̡̳;;;;;;;;;;X
######################################################################;;;;;;;;;;;X
##### People - Advanced;;;;;;;;;;;X
######################################################################;;;;;;;;;;;X
tut_6c_1;˿;;;;;;;;;;X
tut_6c_2;ǽ̸˿˶ʶ̬ι۵㡣ȴ˿ڽ档;;;;;;;;;;X
tut_6c_3;ʶ̬;;;;;;;;;;X
tut_6c_4;иֲͬʶ̬ι۵㣬ǻʱı䡣ǿ԰仯ػΪࣺ;;;;;;;;;;X
tut_6c_5;ǰ״̬ȺĿǰľְȺʧҵ״̬ô֧ʧҵĸĸ;;;;;;;;;;X
tut_6c_6;Ⱥͬ͡Ⱥʹͬ£ǵ˼ᳯŲͬķչʿϰ壬ʱϰ塣;;;;;;;;;;X
tut_6c_7;ЩػụãʱĽӻ򽵵ȺȺ˼仯ǵӰҰڶǵ԰ǻһ֧ҳϵľӡͣڱͼϣԿ֧Щ˼ԭ;;;;;;;;;;X
tut_6c_8;˽һְ뽵ְ⣬бѡһȺ;;;;;;;;;;X
tut_6c_9;ְ뽵ְ;;;;;;;;;;X
tut_6c_10;άǶУֶÿȺľҵǻĵǰ״̬ԶѡӦְҵ;;;;;;;;;;X
tut_6c_11;ְ뽵ְĳȺǰ״̬ãǻ𽥳Ѱұȵǰְҵײߵְλ⣬ǰͽײְλͣЩֵܿЩӰǡ;;;;;;;;;;X
tut_6c_12;ְλԿЩȺڿǻЩְλͣԿ顣;;;;;;;;;;X
tut_6c_13;Щı䶼ǡ䡱ġĳҵչʱҪҵѾԸ뿪ǰĽײȥıְҵ鿴ЩӰǵľȻǿǡ;;;;;;;;;;X
tut_6c_14;˽йء񡱡;;;;;;;;;;X
tut_6c_15;;;;;;;;;;;X
tut_6c_16;άǶе񷽷ѭһȽϼ򵥵ĹɣȺǰ״̬ؽСʽ;;;;;;;;;;X
tut_6c_17;񡪡Ⱥڹǻǰ׾ҵĵ;;;;;;;;;;X
tut_6c_18;񡪡ȺңǻǨڽ߸ɵĹҡ;;;;;;;;;;X
tut_6c_19;ֳ񡪡ȺֳǨǨѰһոµĿʼ;;;;;;;;;;X
tut_6c_20;Щ仯Ƿǳģϣ֪ĶԲο˽;;;;;;;;;;X
######################################################################;;;;;;;;;;;X
##### Trade - Advanced;;;;;;;;;;;X
######################################################################;;;;;;;;;;;X
tut_7c_1;ó;;;;;;;;;;X
tut_7c_2;ǽҪἰһЩԭάһ˵ȽµĸܽóáǴó׽档;;;;;;;;;;X
tut_7c_3;ó;;;;;;;;;;X
tut_7c_4;άǶУ񹤳ֹҵʵ嶼вóף޶еְ;;;;;;;;;;X
tut_7c_5;ӦʡݡҪЧʹúʡҪûӹӦǡÿһ׶û½ӵʡݶӶԻӵûЩôЩʡݵĹԭϲصЧʽܵͷ;;;;;;;;;;X
tut_7c_6;ӦĲӡĲҪͷʳƷǹеʡûеõ㹻ӣǵЧʽܵͷ;;;;;;;;;;X
tut_7c_7;衪貿ӻ򹤳ҪʡڽʱʻӿȵĳЩʲ㣬ôᱻʱҽ칤ʱйʣֻҪӦֶ޽Ľʡ;;;;;;;;;;X
tut_7c_8;桪ᴢԹʹãıҪΪڱó׷ʱάָʵĹӦѡСӿйѡгϹͬҲڿйʡرܷʱĸ߰ۡ;;;;;;;;;;X
tut_7c_9;Ǽһ;;;;;;;;;;X
tut_7c_10;ó;;;;;;;;;;X
tut_7c_11;ó״Զ״̬ܷ󡣵齨һµĲӣó׶ᱻΪӵȻЩʱҪԼǮĿԵеĳһʲȡԶó׵áɵκϣóס;;;;;;;;;;X
tut_7c_12;һԼ;;;;;;;;;;X
tut_7c_13;г;;;;;;;;;;X
tut_7c_14;ܽһó׺гġάǶʶᱻӦгԳۡ;;;;;;;;;;X
tut_7c_15;ͬгó׵ĵһַڹͬгһҺͬһΧڵĳԱ֮ггеĹȶسԴﹺʡ;;;;;;;;;;X
tut_7c_16;ڵȫгûڹͬгʻᱻڵȫггڸ乫йĳʷǳϡôþͷǳҪˡȫгûʽĵֻʵ»ñꡣ;;;;;;;;;;X
tut_7c_17;Ϊۣͼ֤ȶʹӦڻñ꣬ǷǳҪġӵиߵȷڶлǰλãͬʱҪ֤Ĺͬг׼˳ֵĿԱ֤ľС;;;;;;;;;;X
tut_7c_18;һԼ;;;;;;;;;;X
######################################################################;;;;;;;;;;;X
##### Diplomacy - Advanced;;;;;;;;;;;X
######################################################################;;;;;;;;;;;X
tut_8c_1;⽻;;;;;;;;;;X
tut_8c_2;ǽעսƽ棬Լǿ⽻λ³ʿǿڽ⽻档;;;;;;;;;;X
tut_8c_3;ǿ;;;;;;;;;;X
tut_8c_4;Ͻǵİ˸ҾǿҲ֮һ;;;;;;;;;;X
tut_8c_5;ΪǿкܶôԼΧڵǻˣҿȥֳˡɥʧǿĵλҲΪ;;;;;;;;;;X
tut_8c_6;ǿ֮⻹ȼǿҲȥֳδĹڿ֮ǰǲܽйҵġ;;;;;;;;;;X
tut_8c_7;֪γΪǿ𣿵֪ˡ;;;;;;;;;;X
tut_8c_8;γΪ߱߳ǿ;;;;;;;;;;X
tut_8c_9;ܷΪǿȡķ빤ҵڵķǿ;;;;;;;;;;X
REMOVE_tut_8c_10;ҪǿĻҲüһʱԽ⡣һ취Ƿսս߽˵ҵսɡ;;;;;;;;;;X
tut_8c_11;սսĿ;;;;;;;;;;X
REMOVE_tut_8c_12;ϷսʱһսĿꡣĿ궼оսĲ˵Уѡһϲģȷ;;;;;;;;;;X
tut_8c_13;µսĿ;;;;;;;;;;X
tut_8c_14;ĿԲսʱЩ֧־岢ȡ˹սĻսĿꡣɲЩĿĻġڵʾǿǸ;;;;;;;;;;X
tut_8c_15;Χ;;;;;;;;;;X
tut_8c_16;ΧʾһҴһǿĹҵӰ֮¡ĺôǽӵйͬгľñַ١һҪĵطҪͳһҵĻռйҺʡݵΧС֪ôȡΧɣ;;;;;;;;;;X
tut_8c_17;Χľ;;;;;;;;;;X
tut_8c_18;ȡΧĻҪǾӰ֮ۡ;;;;;;;;;;X
tut_8c_19;ĳӰʱȻȶȣǵĿͳһ¹ŵŵ¹ĺġڹбҵŵѶȶӵ;;;;;;;;;;X
tut_8c_20;ڵ;;;;;;;;;;X
tut_8c_21;ںŵǵǡע˵ĲʾĹϵΧĻ۱ѺáС⽻һ۵жŲȥĻԿǵӰڼȻѾȶõˣֻҪžˡ;;;;;;;;;;X
tut_8c_22;ҲӰ캺ŵĻҲԽзʾͿ뺺ŵĹϵǸڹϵΪʱáصģû˻ǵġ;;;;;;;;;;X
tut_8c_23;ϷĽ⽻սҲңҲֱΧ;;;;;;;;;;X
######################################################################;;;;;;;;;;;X
##### Technology - Advanced;;;;;;;;;;;X
######################################################################;;;;;;;;;;;X
tut_4c_1;;;;;;;;;;;X
tut_4c_2;»ԸֿƼи˵򿪿н;;;;;;;;;;X
tut_4c_3;л;;;;;;;;;;X
tut_4c_4;Ϸʾ˸ֿƼҹڸơ³ʿǾ壬½окܴƲĻơھиıоĻľ֧һֱŹߵĻͻԸӾ̸̸ҵƼҵƼĽ档;;;;;;;;;;X
tut_4c_5;ҵƼ;;;;;;;;;;X
tut_4c_6;ҵƼϵĹҵ֮··ɿоעеĹҵƼĸͬʱôתĻƼ;;;;;;;;;;X
tut_4c_7;ĻƼ;;;;;;;;;;X
tut_4c_8;ĻƼ˸ѧԼѧҽԼҲСܶĻƼоԽӵԽࡣתҵƼ档;;;;;;;;;;X
tut_4c_9;ҵƼ;;;;;;;;;;X
tut_4c_10;ҵƼҵϵ˰ЧǺаģȻӦĹҵСתƼ档;;;;;;;;;;X
tut_4c_11;Ƽ;;;;;;;;;;X
tut_4c_12;ЩƼһĿȻģܽ󣬸ĴֻԼӲΧֳԶĵ;;;;;;;;;;X
tut_4c_13;½Ƽ;;;;;;;;;;X
tut_4c_14;ܶ½ƼеĲӶмӳɣ粹Чʣ֯ȡ·ĿƼԽһЩµĵλ̹ɻһ;;;;;;;;;;X
######################################################################;;;;;;;;;;;X
##### Introduction ;;;;;;;;;;;X
######################################################################;;;;;;;;;;;X
tut_0a_1;ӭάǶ;;;;;;;;;;X
tut_0a_2;һάǶļ飬Ϸ19͡һ絮¿Ƽ˼άðʱǴĶʼأ;;;;;;;;;;X
tut_0a_3;Ĺ;;;;;;;;;;X
tut_0a_4;Ϸѡȡһҡ̳ǾñʱһԳѧ˵ѣȴзչǱĹҡ;;;;;;;;;;X
tut_0a_4b;ϽԿĹ죬;;;;;;;;;;X
tut_0a_5;Ĺ;;;;;;;;;;X
tut_0a_6;Ϸкܶ෽ʽıҵˡкܶǼӵķʽı䷨ɡ˰աϷа˸ҪĹңҲڴ˻úܶϢ˸£;;;;;;;;;;X
tut_0a_7;Բ鿴ҵ;;;;;;;;;;X
tut_0a_8;ǮϷǺҪġڲԿƹҵ˰֧;;;;;;;;;;X
tut_0a_10;Сڴо¿ƼÿƼǿĹ;;;;;;;;;;X
tut_0a_11;ΡάǵһҪ֣ͬϵͳ뵳ɿԽиָĸĸڲͬȺҲͬ;;;;;;;;;;X
tut_0a_12;˿ڡ˿ڰ˾סڹڸʽȺҲϷһҪɲ֮һΪӰ쵽;;;;;;;;;;X
tut_0a_13;óסֹũҵƷͨóȡǮ޷˵óףҪΪʣҲг;;;;;;;;;;X
tut_0a_14;⽻ϷеһͷϷ⽻ӽ˵жϵĵλӰ졣;;;;;;;;;;X
tut_0a_15;¡Ǿ½档κ⽻жҪǿľΪܡ;;;;;;;;;;X
tut_0a_16;ͼ;;;;;;;;;;X
tut_0a_17;󲿷жڵͼִУЩңƶ϶ӽǲùı֮;;;;;;;;;;X
tut_0a_18;ͼ;;;;;;;;;;X
tut_0a_19;󲿷жڵͼִУЩңƶ϶ӽǲùı֮;;;;;;;;;;X
tut_0a_20;ʧ;;;;;;;;;;X
tut_0a_21;Ҳ·Сͼ㣬ҲʡѰضʡݡԻصʱ;;;;;;;;;;X
tut_0a_22;ֵͼģʽ;;;;;;;;;;X
tut_0a_23;Ϊ˷ңͼлɸģʽǵģʽеģʽĻͿԸز鿴ңԿ;;;;;;;;;;X
tut_0a_24;ʱ;;;;;;;;;;X
tut_0a_25;ϷǴͣ״̬ԷÿԼ֮ͣϷ;;;;;;;;;;X
tut_0a_26;ڵʱ183611աʵİͣİťԼť+ť-ͣťԼϷť+ͰťԸıϷٶȡ˿ոҲͣڽͣԡ;;;;;;;;;;X
tut_0a_27;¼;;;;;;;;;;X
tut_0a_28;Ÿָ飬ЩȤкܶ෽鿴ڷʲô;;;;;;;;;;X
tut_0a_29;򡪡ĻмĶϢһ㶼ҪϢ;;;;;;;;;;X
tut_0a_30;ϢͼꡪЩҲҪϢ㲻һȥ;;;;;;;;;;X
tut_0a_31;ϢϢʾڴˣҲЩȤġ;;;;;;;;;;X
tut_0a_32;⽻ͼꡪ⽻᰸ǱȽҪģ鿴Ҽǡ;;;;;;;;;;X
tut_0a_33;Ըı⽻ͼ֮ĸϢʾʽҼͿ޸ˡ;;;;;;;;;;X
tut_0a_34;ƺսˣǵúú취;;;;;;;;;;X
TUTORIAL_EXIT;صѧĿ¼;;;;;;;;;;X
TUTORIAL_NEXT_CHAPTER;һ£$NAME$;;;;;;;;;;X
TUTORIAL_NEXT_CHAPTER_LAST;Ѿһ;;;;;;;;;;X
TUTORIAL_NEXT_STAGE_INTERMEDIARY;м̳;;;;;;;;;;X
TUTORIAL_NEXT_STAGE_ADVANCED;и߼̳;;;;;;;;;;X
TUTORIAL_NEXT_STAGE_LAST;ѾǸ߼̳;;;;;;;;;;X
TUTORIAL_PROGRESS;$CURRENT$£һ$TOTAL$;;;;;;;;;;X
